animal,dam,sire
3293,NA,NA
5834,NA,NA
2901,NA,NA
1618,NA,NA
2773,NA,NA
3339,NA,NA
1085,NA,NA
2126,NA,NA
2000,NA,NA
2174,NA,NA
980,NA,NA
1632,NA,NA
839,NA,NA
2176,NA,NA
211,NA,NA
2396,NA,NA
4718,NA,NA
4025,NA,NA
781,NA,NA
3896,NA,NA
5942,NA,NA
2343,NA,NA
4200,NA,NA
488,NA,NA
3934,NA,NA
5740,NA,NA
231,NA,NA
5918,NA,NA
275,NA,NA
4220,NA,NA
4099,NA,NA
2934,NA,NA
89,NA,NA
954,NA,NA
4495,NA,NA
2231,NA,NA
1591,NA,NA
4430,NA,NA
885,NA,NA
171,NA,NA
4231,NA,NA
126,NA,NA
3291,NA,NA
1929,NA,NA
4952,NA,NA
3053,NA,NA
3864,NA,NA
3014,NA,NA
4000,NA,NA
4671,NA,NA
1934,NA,NA
4811,NA,NA
5270,NA,NA
3283,NA,NA
1512,NA,NA
5745,NA,NA
2597,NA,NA
1020,NA,NA
1405,NA,NA
5413,NA,NA
1996,NA,NA
941,NA,NA
3767,NA,NA
1418,NA,NA
3034,NA,NA
202,NA,NA
1715,NA,NA
3255,NA,NA
2033,NA,NA
2064,NA,NA
4148,NA,NA
591,NA,NA
4659,NA,NA
1217,NA,NA
2731,NA,NA
3576,NA,NA
4690,NA,NA
4904,NA,NA
1399,NA,NA
2888,NA,NA
1215,NA,NA
1207,NA,NA
4909,NA,NA
5644,NA,NA
2657,NA,NA
2693,NA,NA
3432,NA,NA
2363,NA,NA
2895,NA,NA
3648,NA,NA
4494,NA,NA
3859,NA,NA
2239,NA,NA
3705,NA,NA
2478,NA,NA
1935,NA,NA
1600,NA,NA
588,NA,NA
1011,NA,NA
2886,NA,NA
1784,NA,NA
4313,NA,NA
4875,NA,NA
3868,NA,NA
1665,NA,NA
3210,NA,NA
2365,NA,NA
4626,NA,NA
5635,NA,NA
4174,NA,NA
232,NA,NA
4567,NA,NA
4453,NA,NA
303,NA,NA
960,NA,NA
3512,NA,NA
4509,NA,NA
4409,NA,NA
5638,NA,NA
3154,NA,NA
3741,NA,NA
4187,NA,NA
913,NA,NA
5484,NA,NA
5103,NA,NA
879,NA,NA
2789,NA,NA
5449,NA,NA
2927,NA,NA
3842,NA,NA
4336,NA,NA
9,NA,NA
490,NA,NA
675,NA,NA
3967,NA,NA
410,NA,NA
2523,NA,NA
4369,NA,NA
2036,NA,NA
31,NA,NA
535,NA,NA
4629,NA,NA
5801,NA,NA
841,NA,NA
2909,NA,NA
1237,NA,NA
2839,NA,NA
3640,NA,NA
985,NA,NA
5933,NA,NA
5618,NA,NA
3515,NA,NA
5716,NA,NA
337,NA,NA
5438,NA,NA
205,NA,NA
2135,NA,NA
257,NA,NA
3738,NA,NA
1459,NA,NA
1048,NA,NA
4950,NA,NA
5378,NA,NA
1490,NA,NA
1038,NA,NA
5386,NA,NA
1895,NA,NA
1331,NA,NA
3252,NA,NA
3419,NA,NA
1664,NA,NA
2227,NA,NA
3475,NA,NA
2707,NA,NA
4755,NA,NA
2698,NA,NA
2071,NA,NA
5157,NA,NA
5168,NA,NA
2558,NA,NA
2151,NA,NA
1702,NA,NA
1625,NA,NA
3476,NA,NA
5804,NA,NA
599,NA,NA
866,NA,NA
4680,NA,NA
162,NA,NA
63,NA,NA
3046,NA,NA
3232,NA,NA
2433,NA,NA
4192,NA,NA
2716,NA,NA
5561,NA,NA
1798,NA,NA
1332,NA,NA
1147,NA,NA
4057,NA,NA
378,NA,NA
4517,NA,NA
1094,NA,NA
5615,NA,NA
3513,NA,NA
1615,NA,NA
237,NA,NA
2158,NA,NA
978,NA,NA
1362,NA,NA
683,NA,NA
990,NA,NA
4528,NA,NA
667,NA,NA
5604,NA,NA
5900,NA,NA
2091,NA,NA
5271,NA,NA
4942,NA,NA
1642,NA,NA
2607,NA,NA
1172,NA,NA
1643,NA,NA
119,NA,NA
5240,NA,NA
5111,NA,NA
2422,NA,NA
925,NA,NA
823,NA,NA
4446,NA,NA
4689,NA,NA
5211,NA,NA
2719,NA,NA
5852,NA,NA
1110,NA,NA
5709,NA,NA
4116,NA,NA
3992,NA,NA
5535,NA,NA
619,NA,NA
4414,NA,NA
2392,NA,NA
1158,NA,NA
5222,NA,NA
1854,NA,NA
918,NA,NA
2110,NA,NA
3444,NA,NA
5908,NA,NA
3900,NA,NA
5283,NA,NA
1921,NA,NA
4891,NA,NA
5851,NA,NA
353,NA,NA
5161,NA,NA
86,NA,NA
3481,NA,NA
3421,NA,NA
3757,NA,NA
1810,NA,NA
3983,NA,NA
3856,NA,NA
5205,NA,NA
2918,NA,NA
4660,NA,NA
732,NA,NA
1439,NA,NA
3951,NA,NA
2241,NA,NA
4324,NA,NA
148,NA,NA
2474,NA,NA
1451,NA,NA
5375,NA,NA
2001,NA,NA
2874,NA,NA
860,NA,NA
3030,NA,NA
1995,NA,NA
3759,NA,NA
1167,NA,NA
612,NA,NA
2712,NA,NA
3420,NA,NA
68,NA,NA
4,NA,NA
1538,NA,NA
5819,NA,NA
1208,NA,NA
2919,NA,NA
3723,NA,NA
2954,NA,NA
2247,NA,NA
1303,NA,NA
1592,NA,NA
4624,NA,NA
2873,NA,NA
933,NA,NA
2302,NA,NA
5670,NA,NA
4105,NA,NA
1959,NA,NA
2462,NA,NA
2822,NA,NA
5441,NA,NA
4010,NA,NA
3588,NA,NA
5602,NA,NA
5462,NA,NA
5929,NA,NA
3037,NA,NA
2809,NA,NA
3263,NA,NA
5290,NA,NA
3363,NA,NA
2819,NA,NA
5331,NA,NA
39,NA,NA
3126,NA,NA
520,NA,NA
986,NA,NA
4293,NA,NA
752,NA,NA
2560,NA,NA
3479,NA,NA
5878,NA,NA
215,NA,NA
2658,NA,NA
2866,NA,NA
1502,NA,NA
3850,NA,NA
5089,NA,NA
4230,NA,NA
3391,NA,NA
989,NA,NA
4290,NA,NA
4101,NA,NA
656,NA,NA
1960,NA,NA
2516,NA,NA
3915,NA,NA
5558,NA,NA
4339,NA,NA
2105,NA,NA
4114,NA,NA
2536,NA,NA
4304,NA,NA
717,NA,NA
4639,NA,NA
1814,NA,NA
271,NA,NA
3302,NA,NA
4590,NA,NA
5444,NA,NA
3208,NA,NA
4762,NA,NA
5448,NA,NA
1482,NA,NA
2332,NA,NA
1548,NA,NA
3158,NA,NA
4705,NA,NA
23,NA,NA
5491,NA,NA
4539,NA,NA
2723,NA,NA
1848,NA,NA
950,NA,NA
2222,NA,NA
4416,NA,NA
3739,NA,NA
695,NA,NA
5888,NA,NA
4923,NA,NA
4833,NA,NA
4465,NA,NA
229,NA,NA
3727,NA,NA
3647,NA,NA
5044,NA,NA
1471,NA,NA
3612,NA,NA
41,NA,NA
1752,NA,NA
161,NA,NA
3913,NA,NA
5151,NA,NA
1818,NA,NA
3689,NA,NA
418,NA,NA
3373,NA,NA
922,NA,NA
4137,NA,NA
2567,NA,NA
773,NA,NA
5314,NA,NA
3645,NA,NA
2539,NA,NA
5012,NA,NA
5267,NA,NA
396,NA,NA
2515,NA,NA
642,NA,NA
947,NA,NA
2234,NA,NA
5492,NA,NA
5766,NA,NA
144,NA,NA
5608,NA,NA
1886,NA,NA
3472,NA,NA
5621,NA,NA
5595,NA,NA
2369,NA,NA
5140,NA,NA
2166,NA,NA
5393,NA,NA
5533,NA,NA
857,NA,NA
1055,NA,NA
1708,NA,NA
3315,NA,NA
479,NA,NA
3473,NA,NA
2299,NA,NA
1787,NA,NA
4150,NA,NA
2291,NA,NA
4619,NA,NA
4109,NA,NA
4544,NA,NA
2165,NA,NA
5308,NA,NA
2682,NA,NA
2394,NA,NA
3416,NA,NA
296,NA,NA
585,NA,NA
617,NA,NA
3150,NA,NA
4918,NA,NA
3894,NA,NA
1287,NA,NA
5690,NA,NA
1897,NA,NA
5532,NA,NA
3958,NA,NA
3058,NA,NA
3343,NA,NA
1483,NA,NA
4264,NA,NA
1646,NA,NA
3259,NA,NA
3310,NA,NA
17,NA,NA
5206,NA,NA
2989,NA,NA
5680,NA,NA
2203,NA,NA
3903,NA,NA
5715,NA,NA
4359,NA,NA
3765,NA,NA
735,NA,NA
4327,NA,NA
1328,NA,NA
2486,NA,NA
3338,NA,NA
3119,NA,NA
281,NA,NA
3978,NA,NA
1688,NA,NA
4814,NA,NA
5682,NA,NA
1252,NA,NA
2279,NA,NA
2074,NA,NA
1514,NA,NA
540,NA,NA
3976,NA,NA
825,NA,NA
5204,NA,NA
5235,NA,NA
3841,NA,NA
5064,NA,NA
3228,NA,NA
3750,NA,NA
10,NA,NA
4256,NA,NA
2340,NA,NA
1209,NA,NA
463,NA,NA
5496,NA,NA
3242,NA,NA
3615,NA,NA
5402,NA,NA
3557,NA,NA
2473,NA,NA
3358,NA,NA
5776,NA,NA
5217,NA,NA
4808,NA,NA
1750,NA,NA
3024,NA,NA
5431,NA,NA
351,NA,NA
1862,NA,NA
2543,NA,NA
1522,NA,NA
5377,NA,NA
662,NA,NA
1550,NA,NA
1316,NA,NA
2213,NA,NA
1417,NA,NA
5511,NA,NA
1720,NA,NA
2002,NA,NA
836,NA,NA
1511,NA,NA
1949,NA,NA
263,NA,NA
5042,NA,NA
509,NA,NA
1775,NA,NA
4709,NA,NA
5911,NA,NA
4123,NA,NA
476,NA,NA
601,NA,NA
1254,NA,NA
1258,NA,NA
4318,NA,NA
1867,NA,NA
1581,NA,NA
1910,NA,NA
330,NA,NA
1719,NA,NA
3617,NA,NA
4878,NA,NA
1760,NA,NA
761,NA,NA
3519,NA,NA
283,NA,NA
908,NA,NA
4883,NA,NA
5786,NA,NA
5274,NA,NA
3281,NA,NA
3396,NA,NA
4094,NA,NA
183,NA,NA
1271,NA,NA
1297,NA,NA
3546,NA,NA
2428,NA,NA
5031,NA,NA
1875,NA,NA
2284,NA,NA
4360,NA,NA
1112,NA,NA
5347,NA,NA
1958,NA,NA
4796,NA,NA
2752,NA,NA
2912,NA,NA
1777,NA,NA
5915,NA,NA
3212,NA,NA
5576,NA,NA
3732,NA,NA
1693,NA,NA
4016,NA,NA
3535,NA,NA
1970,NA,NA
4152,NA,NA
2080,NA,NA
3457,NA,NA
709,NA,NA
1992,NA,NA
1860,NA,NA
469,NA,NA
2265,NA,NA
4068,NA,NA
77,NA,NA
1429,NA,NA
5332,NA,NA
5862,NA,NA
1028,NA,NA
2201,NA,NA
2210,NA,NA
5571,NA,NA
3326,NA,NA
2191,NA,NA
3755,NA,NA
1226,NA,NA
4136,NA,NA
1543,NA,NA
190,NA,NA
1671,NA,NA
50,NA,NA
1915,NA,NA
2920,NA,NA
3988,NA,NA
645,NA,NA
1943,NA,NA
2721,NA,NA
4402,NA,NA
2317,NA,NA
5370,NA,NA
2040,NA,NA
492,NA,NA
2691,NA,NA
3700,NA,NA
2277,NA,NA
3496,NA,NA
438,NA,NA
1634,NA,NA
4111,NA,NA
2978,NA,NA
3113,NA,NA
4501,NA,NA
2817,NA,NA
5747,NA,NA
2382,NA,NA
4410,NA,NA
687,NA,NA
5343,NA,NA
1779,NA,NA
3471,NA,NA
2152,NA,NA
3910,NA,NA
598,NA,NA
284,NA,NA
4801,NA,NA
5586,NA,NA
1763,NA,NA
3104,NA,NA
4248,NA,NA
2571,NA,NA
1239,NA,NA
5582,NA,NA
3518,NA,NA
864,NA,NA
2376,NA,NA
4784,NA,NA
1286,NA,NA
5346,NA,NA
3789,NA,NA
4657,NA,NA
1160,NA,NA
1199,NA,NA
3260,NA,NA
4993,NA,NA
4670,NA,NA
3586,NA,NA
1269,NA,NA
4354,NA,NA
2271,NA,NA
3924,NA,NA
1819,NA,NA
5180,NA,NA
4259,NA,NA
1948,NA,NA
2094,NA,NA
3653,NA,NA
2542,NA,NA
5836,NA,NA
1101,NA,NA
4691,NA,NA
1558,NA,NA
578,NA,NA
4065,NA,NA
4149,NA,NA
2451,NA,NA
4873,NA,NA
3624,NA,NA
3408,NA,NA
4482,NA,NA
2840,NA,NA
3257,NA,NA
5746,NA,NA
3143,NA,NA
4341,NA,NA
5155,NA,NA
1869,NA,NA
5076,NA,NA
4916,NA,NA
608,NA,NA
3140,NA,NA
3785,NA,NA
874,NA,NA
3635,NA,NA
3853,NA,NA
5853,NA,NA
5028,NA,NA
1536,NA,NA
911,NA,NA
538,NA,NA
5326,NA,NA
2806,NA,NA
3878,NA,NA
3882,NA,NA
547,NA,NA
1323,NA,NA
2124,NA,NA
2283,NA,NA
411,NA,NA
1474,NA,NA
4415,NA,NA
4038,NA,NA
2670,NA,NA
669,NA,NA
842,NA,NA
5630,NA,NA
1432,NA,NA
1599,NA,NA
5770,NA,NA
1956,NA,NA
1679,NA,NA
4736,NA,NA
4145,NA,NA
4618,NA,NA
2320,NA,NA
859,NA,NA
5585,NA,NA
5178,NA,NA
4759,NA,NA
4184,NA,NA
5260,NA,NA
5871,NA,NA
1299,NA,NA
5465,NA,NA
3174,NA,NA
5046,NA,NA
3083,NA,NA
2692,NA,NA
5520,NA,NA
478,NA,NA
1191,NA,NA
374,NA,NA
2200,NA,NA
59,NA,NA
1587,NA,NA
3176,NA,NA
169,NA,NA
2115,NA,NA
4439,NA,NA
3525,NA,NA
3296,NA,NA
4781,NA,NA
5371,NA,NA
4215,NA,NA
8,NA,NA
2675,NA,NA
4505,NA,NA
770,NA,NA
1150,NA,NA
799,NA,NA
1027,NA,NA
4569,NA,NA
4047,NA,NA
5417,NA,NA
3066,NA,NA
2042,NA,NA
2088,NA,NA
5527,NA,NA
5001,NA,NA
1602,NA,NA
1127,NA,NA
636,NA,NA
156,NA,NA
4419,NA,NA
4612,NA,NA
5245,NA,NA
5639,NA,NA
5057,NA,NA
4071,NA,NA
2904,NA,NA
2014,NA,NA
4543,NA,NA
5295,NA,NA
2029,NA,NA
3055,NA,NA
1100,NA,NA
5184,NA,NA
3889,NA,NA
5808,NA,NA
833,NA,NA
3916,NA,NA
710,NA,NA
2391,NA,NA
220,NA,NA
2143,NA,NA
3929,NA,NA
2590,NA,NA
4400,NA,NA
581,NA,NA
847,NA,NA
1093,NA,NA
243,NA,NA
5306,NA,NA
380,NA,NA
2552,NA,NA
4020,NA,NA
412,NA,NA
5866,NA,NA
163,NA,NA
4142,NA,NA
1662,NA,NA
4191,NA,NA
3804,NA,NA
1494,NA,NA
3784,NA,NA
325,NA,NA
5086,NA,NA
953,NA,NA
3830,NA,NA
5623,NA,NA
1957,NA,NA
2911,NA,NA
1372,NA,NA
2238,NA,NA
3668,NA,NA
1080,NA,NA
2861,NA,NA
2748,NA,NA
179,NA,NA
851,NA,NA
4423,NA,NA
604,NA,NA
268,NA,NA
4598,NA,NA
3619,NA,NA
2469,NA,NA
1553,NA,NA
2871,NA,NA
2374,NA,NA
755,NA,NA
1359,NA,NA
3659,NA,NA
5856,NA,NA
2310,NA,NA
3166,NA,NA
5902,NA,NA
4920,NA,NA
1138,NA,NA
1771,NA,NA
826,NA,NA
2652,NA,NA
5495,NA,NA
2973,NA,NA
2388,NA,NA
3681,NA,NA
5023,NA,NA
1824,NA,NA
426,NA,NA
2268,NA,NA
1381,NA,NA
1534,NA,NA
5609,NA,NA
1421,NA,NA
4757,NA,NA
4647,NA,NA
5092,NA,NA
1104,NA,NA
1889,NA,NA
3716,NA,NA
3273,NA,NA
845,NA,NA
5039,NA,NA
4233,NA,NA
519,NA,NA
3340,NA,NA
1032,NA,NA
1295,NA,NA
250,NA,NA
4413,NA,NA
5195,NA,NA
5317,NA,NA
4580,NA,NA
2455,NA,NA
699,NA,NA
3720,NA,NA
1822,NA,NA
733,NA,NA
2052,NA,NA
1240,NA,NA
5926,NA,NA
2220,NA,NA
946,NA,NA
2838,NA,NA
4333,NA,NA
1745,NA,NA
214,NA,NA
1539,NA,NA
757,NA,NA
5832,NA,NA
5400,NA,NA
151,NA,NA
3307,NA,NA
5224,NA,NA
1572,NA,NA
1769,NA,NA
3094,NA,NA
189,NA,NA
3152,NA,NA
4178,NA,NA
5112,NA,NA
2526,NA,NA
4401,NA,NA
3848,NA,NA
1190,NA,NA
2787,NA,NA
3779,NA,NA
5093,NA,NA
3676,NA,NA
4855,NA,NA
1795,NA,NA
5311,NA,NA
129,NA,NA
2784,NA,NA
3308,NA,NA
3616,NA,NA
3001,NA,NA
1186,NA,NA
201,NA,NA
4157,NA,NA
4270,NA,NA
2416,NA,NA
1279,NA,NA
1845,NA,NA
3272,NA,NA
3614,NA,NA
4728,NA,NA
2538,NA,NA
2767,NA,NA
4884,NA,NA
5152,NA,NA
1972,NA,NA
5848,NA,NA
3175,NA,NA
1790,NA,NA
5297,NA,NA
1759,NA,NA
5325,NA,NA
3230,NA,NA
507,NA,NA
3968,NA,NA
1000,NA,NA
3969,NA,NA
408,NA,NA
1968,NA,NA
740,NA,NA
1309,NA,NA
4037,NA,NA
3495,NA,NA
193,NA,NA
2072,NA,NA
1873,NA,NA
3982,NA,NA
5824,NA,NA
4761,NA,NA
216,NA,NA
3193,NA,NA
4708,NA,NA
1641,NA,NA
379,NA,NA
2803,NA,NA
11,NA,NA
4830,NA,NA
2098,NA,NA
4161,NA,NA
177,NA,NA
4064,NA,NA
35,NA,NA
3839,NA,NA
3456,NA,NA
855,NA,NA
3207,NA,NA
5004,NA,NA
1892,NA,NA
778,NA,NA
4599,NA,NA
2168,NA,NA
3560,NA,NA
4715,NA,NA
4330,NA,NA
5422,NA,NA
3892,NA,NA
1398,NA,NA
5298,NA,NA
289,NA,NA
3425,NA,NA
5368,NA,NA
4526,NA,NA
3333,NA,NA
4485,NA,NA
4002,NA,NA
3467,NA,NA
4863,NA,NA
4693,NA,NA
14,NA,NA
1210,NA,NA
1815,NA,NA
4678,NA,NA
1717,NA,NA
3708,NA,NA
304,NA,NA
4503,NA,NA
1500,NA,NA
5807,NA,NA
1375,NA,NA
5584,NA,NA
4210,NA,NA
3087,NA,NA
413,NA,NA
5043,NA,NA
2089,NA,NA
7,NA,NA
1321,NA,NA
2206,NA,NA
5759,NA,NA
1582,NA,NA
239,NA,NA
4332,NA,NA
1317,NA,NA
3221,NA,NA
131,NA,NA
2023,NA,NA
3448,NA,NA
3954,NA,NA
4115,NA,NA
4845,NA,NA
145,NA,NA
5269,NA,NA
5486,NA,NA
3120,NA,NA
5845,NA,NA
5073,NA,NA
2402,NA,NA
4893,NA,NA
2641,NA,NA
4701,NA,NA
2953,NA,NA
1651,NA,NA
4694,NA,NA
4487,NA,NA
5374,NA,NA
5255,NA,NA
3091,NA,NA
875,NA,NA
1218,NA,NA
4729,NA,NA
4017,NA,NA
2285,NA,NA
937,NA,NA
249,NA,NA
876,NA,NA
2103,NA,NA
5453,NA,NA
4478,NA,NA
5564,NA,NA
5159,NA,NA
649,NA,NA
2386,NA,NA
3036,NA,NA
4128,NA,NA
3928,NA,NA
2368,NA,NA
5109,NA,NA
1320,NA,NA
2702,NA,NA
322,NA,NA
1588,NA,NA
2403,NA,NA
5210,NA,NA
2664,NA,NA
915,NA,NA
1073,NA,NA
4388,NA,NA
2999,NA,NA
3063,NA,NA
3851,NA,NA
2500,NA,NA
5769,NA,NA
3775,NA,NA
4946,NA,NA
1022,NA,NA
2057,NA,NA
1730,NA,NA
4582,NA,NA
3658,NA,NA
5085,NA,NA
4048,NA,NA
3991,NA,NA
1037,NA,NA
4146,NA,NA
2199,NA,NA
4394,NA,NA
5864,NA,NA
1361,NA,NA
4387,NA,NA
932,NA,NA
167,NA,NA
4491,NA,NA
336,NA,NA
2457,NA,NA
3763,NA,NA
1159,NA,NA
2178,NA,NA
4799,NA,NA
4551,NA,NA
4216,NA,NA
3129,NA,NA
2867,NA,NA
79,NA,NA
3536,NA,NA
1517,NA,NA
1069,NA,NA
5117,NA,NA
3093,NA,4145
4937,NA,864
1545,5283,4270
4572,NA,4200
4511,3143,NA
4009,1331,NA
94,1643,NA
2208,NA,5918
180,NA,129
5382,2271,NA
3575,5180,1239
2155,NA,1239
2620,3789,NA
514,NA,1239
5572,1101,1239
2685,NA,1239
3613,5180,NA
5761,4873,NA
1890,3789,NA
2907,5180,NA
4596,NA,1239
423,4354,NA
376,4691,1239
2060,1819,NA
2922,5346,NA
3280,4916,2571
3303,4354,NA
1337,4916,NA
2470,5520,NA
2493,4993,1239
5685,NA,3967
4364,5853,1269
103,4873,1239
3537,5180,NA
2827,5046,NA
713,5585,4248
2292,2271,1239
1322,5582,NA
1106,1819,1239
2099,1160,NA
3897,NA,2571
318,3789,NA
2923,3260,NA
513,3066,NA
2544,588,NA
840,3176,5449
883,4916,NA
3304,3257,5449
1982,NA,2571
2990,478,NA
3620,2271,2571
4393,374,NA
1345,1101,NA
3947,1297,5484
4772,3785,NA
5664,5520,NA
2194,1536,NA
3942,1191,NA
516,4354,NA
4999,5853,NA
3490,5582,4784
2181,5417,NA
2882,4993,NA
2297,5346,NA
298,5046,NA
2401,2320,NA
2890,5585,NA
2559,4873,NA
2709,3785,NA
2651,4047,NA
4209,1101,NA
4372,5046,NA
5504,4439,2036
5667,5520,NA
3939,5585,5449
2548,3143,4248
4672,4916,NA
448,2320,NA
1773,5630,NA
4532,2271,1239
2935,5180,NA
38,5417,NA
2496,3257,NA
3101,374,2571
2735,1819,NA
3809,1536,NA
5552,5582,NA
2130,NA,3967
256,5260,NA
4550,4354,NA
3146,3260,NA
907,3789,NA
3100,3176,3635
791,1160,NA
92,4691,1239
3111,478,NA
2772,578,NA
3937,5346,NA
698,410,NA
1379,5853,NA
961,1297,5484
4212,3066,4248
5898,4873,NA
2092,1819,NA
2968,1160,NA
2762,4354,NA
61,1536,NA
4737,1191,NA
2743,3260,NA
5922,3143,2571
1885,2271,4248
2979,5520,NA
292,4047,NA
2408,5046,4784
4089,3785,3967
3312,5180,4248
1373,5245,NA
5743,NA,1269
153,581,NA
942,4916,4784
5616,5001,NA
4847,1101,NA
3214,3176,NA
1102,478,NA
544,578,NA
758,5260,NA
1201,4691,4248
3962,4993,NA
4699,3789,2571
5899,5582,NA
2153,5853,4248
323,4439,2571
5803,5417,4784
568,5585,4784
1891,5346,NA
4474,374,4784
3902,5866,NA
587,5582,NA
5464,5260,NA
1267,1819,3635
2995,4993,NA
2856,3066,3635
2531,1191,NA
2643,374,NA
5459,2670,NA
3887,4691,3635
3970,5585,4248
5509,3143,2571
1089,3296,NA
4240,2806,NA
988,5866,NA
415,4354,NA
4481,3785,4784
2983,5046,NA
4558,5417,NA
2240,4873,1199
820,1536,3624
3543,5853,3705
4061,3260,NA
3493,709,3055
1711,5180,NA
1463,4916,4784
4340,5245,NA
3529,5001,NA
5905,578,NA
5538,1160,NA
3219,5630,NA
2629,5346,NA
862,478,4784
865,3785,NA
814,4873,NA
4431,NA,864
5927,NA,3967
5619,3143,1372
2724,581,5918
5253,5520,NA
2608,2806,NA
4711,1209,NA
174,5180,NA
2290,5582,NA
3533,578,NA
348,NA,669
4477,374,1956
4250,1587,NA
1438,3066,232
4254,5417,3705
3685,4439,NA
223,3260,NA
5781,4047,NA
381,5585,NA
566,5866,NA
2636,1536,NA
3074,2271,NA
4686,5046,2036
5254,4626,NA
4460,2422,NA
4467,NA,3525
4475,1191,NA
3298,4354,NA
4308,5245,NA
2113,3176,3705
4630,1160,NA
4805,478,NA
3623,5630,NA
1610,4691,3635
5216,5001,NA
5490,4916,NA
5714,3296,NA
186,4993,NA
4036,5853,2571
1265,3176,NA
107,5585,NA
2237,5520,NA
2444,4691,3635
2993,5853,NA
1183,1819,5028
2788,3296,NA
3487,4993,NA
5256,4439,NA
5026,4916,NA
2116,5001,NA
3026,374,NA
3153,581,NA
1909,NA,4200
896,5417,NA
5246,3785,1956
178,5046,4419
311,3260,NA
5711,1536,3140
1121,2806,NA
3562,478,NA
2729,NA,4149
3038,2271,NA
4679,3066,NA
3394,4873,NA
4673,578,NA
5424,3296,NA
4597,3066,4200
2656,4439,1372
552,4993,NA
4574,2670,NA
4748,578,NA
4100,5853,NA
1838,4691,NA
1527,4873,NA
2753,3176,3916
487,581,NA
4837,1191,NA
2848,5585,NA
754,374,1372
1034,5630,NA
5931,4047,NA
775,5046,2036
2333,3785,4419
3783,5520,1372
4177,1819,NA
5614,1536,NA
3861,5495,NA
99,3066,NA
3209,2806,NA
343,5630,NA
251,581,NA
1851,1536,NA
2594,3176,4419
3235,4873,NA
628,2451,NA
290,5582,NA
3218,5853,NA
1078,374,1372
4742,5520,1372
2378,4439,5086
4206,5585,NA
4826,3785,4419
5237,5046,1372
3258,1191,NA
1378,5520,4920
804,2806,NA
2630,1536,NA
2747,3066,NA
2756,5046,NA
4628,1587,NA
537,5585,NA
1524,1819,NA
141,5001,NA
3634,5417,NA
2494,4757,NA
508,2670,NA
3369,1127,NA
5516,3296,NA
4459,283,NA
3114,4691,3055
4219,5630,NA
2917,3716,NA
3041,NA,4423
5088,3176,4419
3965,5495,NA
4181,3176,1372
3500,5520,NA
2244,581,NA
2897,5417,NA
2499,3785,NA
1912,2029,NA
2612,3296,NA
5583,2451,NA
4702,1127,NA
185,4439,NA
4876,4233,NA
5903,374,NA
3564,5585,NA
1530,5001,NA
1946,3176,NA
5611,4233,NA
1348,3785,NA
452,3228,NA
2667,5046,NA
255,5520,NA
3060,4757,NA
4412,5585,NA
944,3273,NA
2942,5853,NA
2846,1587,NA
3103,5495,NA
1177,581,NA
2190,5585,NA
558,4233,NA
3754,3296,NA
2316,4439,5086
5451,3228,NA
1434,3066,NA
4654,3785,NA
1044,1127,NA
3131,374,NA
236,826,NA
1132,4757,NA
1413,4757,NA
125,5926,NA
3938,4233,NA
3598,826,NA
4309,3066,NA
3553,283,NA
1422,5520,NA
4217,NA,2652
2570,3848,NA
1088,4233,NA
2432,5495,NA
394,581,NA
1289,826,NA
2586,5283,NA
5185,4439,NA
2258,1127,NA
2514,5520,NA
4222,4757,NA
2146,699,NA
2038,5926,NA
499,4757,NA
2862,826,NA
5512,5495,NA
347,4439,NA
4236,5926,NA
5138,699,NA
5263,5520,NA
4378,3307,NA
5893,4757,NA
2572,3848,NA
95,4757,NA
3498,699,NA
3090,3614,NA
652,3307,NA
2407,NA,1215
3319,NA,4728
4023,2416,NA
3980,3848,NA
610,1429,NA
2005,3614,NA
285,NA,4174
1893,1429,NA
2997,2416,NA
958,5740,NA
3256,1429,NA
2631,4025,NA
3463,5740,NA
3545,275,NA
2483,619,NA
5895,5852,NA
3717,NA,5103
867,NA,5103
1827,NA,5103
2054,3208,NA
4091,3208,NA
1749,NA,3947
3905,NA,4597
5231,NA,862
4936,NA,1078
2346,2493,NA
2255,NA,3947
2335,3575,NA
4418,2685,NA
2047,2620,4248
5694,5572,NA
1152,2060,NA
2338,2620,4248
1766,423,NA
2663,3613,NA
5202,3575,NA
4129,3280,5449
321,2922,NA
2187,5382,NA
771,3280,4784
1335,423,NA
1803,2907,NA
609,2827,2571
5033,2470,4784
3669,3613,4248
5457,5685,4784
4767,2620,2571
1571,4364,3635
5546,5572,NA
2427,2685,4248
3474,2292,NA
5573,1106,3705
5429,3575,4248
401,2292,3705
4741,2493,2571
2509,1106,NA
2878,2922,NA
421,5572,4784
3520,NA,1890
2744,2060,NA
206,4364,NA
3776,2620,NA
3042,5685,1956
1096,513,NA
1281,2271,2155
4469,2470,4784
5521,4772,NA
3399,376,3635
1562,3575,NA
3740,2827,1269
5299,423,NA
3035,2685,NA
3499,376,3705
3102,5685,2036
5419,3111,4149
1197,4532,NA
2769,423,NA
5425,2292,NA
5280,5572,1956
4594,2907,NA
1953,3613,NA
2175,3575,3624
5488,3937,NA
3123,1106,NA
5275,3101,4220
3330,5382,NA
4188,2470,1956
388,3620,NA
1509,3280,1956
1598,2685,NA
632,2620,NA
4906,2548,NA
5281,2493,NA
2139,3939,232
2020,709,2735
209,318,1956
414,4364,3140
5439,2060,NA
705,2922,NA
2090,5685,NA
5539,5572,4419
832,3939,NA
4966,2153,2155
2843,1773,NA
4749,2060,NA
1881,2470,NA
696,2827,NA
1619,3575,3140
5494,2493,3140
4820,4364,4596
3397,376,2155
203,2292,NA
4162,2548,NA
3879,4532,NA
109,1106,5918
3389,2620,2115
3320,423,NA
1030,2979,NA
4941,92,5028
5850,513,NA
1989,5382,NA
4810,3620,5028
4540,2685,3635
2039,3280,NA
4919,2408,NA
2278,698,NA
143,2292,NA
310,1106,4937
5855,4240,NA
4198,2608,NA
3507,4532,3916
357,3620,NA
5367,NA,3947
1455,2493,3140
5688,4364,4937
4182,2060,4419
1939,3101,1372
1668,2240,NA
3511,2408,NA
5285,2153,NA
3866,5001,5922
1444,3939,NA
1825,5572,NA
5588,3312,NA
2924,5685,NA
2520,2620,NA
4771,92,NA
2504,2470,NA
603,3111,1956
2800,153,NA
362,318,NA
4636,423,NA
4556,2922,NA
2322,376,4596
4456,3937,NA
4974,3280,1372
5418,1463,NA
5921,2979,NA
2851,5382,4419
5392,2827,1372
984,2907,NA
4106,942,4419
3608,4737,NA
1442,1463,1372
3116,5572,NA
3454,3939,NA
3677,4431,1956
2638,3101,NA
72,5382,NA
210,698,NA
1785,2685,NA
135,4686,NA
4455,1267,NA
4427,3613,NA
2018,2240,NA
611,3312,NA
3447,2153,NA
5542,2208,3947
5500,92,4596
5262,513,NA
1627,2531,NA
234,3111,2130
3220,3620,NA
1727,1773,NA
5115,1106,2155
385,NA,2735
3874,942,NA
5783,4532,NA
1844,2620,2036
5906,4036,2115
170,4240,NA
912,2922,NA
1397,3937,NA
999,318,NA
2012,2493,NA
5005,4737,NA
903,5685,1372
4077,3575,NA
2400,2827,NA
1083,1610,2735
4710,4364,NA
5355,423,NA
1067,2983,NA
3800,2408,NA
1464,376,NA
2106,2292,5922
2004,820,4596
1896,5417,4596
2956,4254,NA
2589,4686,1982
3445,4711,NA
497,814,NA
4650,2060,NA
3198,318,NA
834,3620,NA
1695,3685,NA
5593,92,NA
1051,5382,4419
5828,698,NA
4559,1183,NA
2406,2408,1982
5857,2743,NA
1364,3280,NA
54,513,NA
501,988,NA
1639,3312,NA
2419,4364,4596
5591,376,713
1950,2548,NA
495,4431,1982
392,5714,NA
956,423,NA
4026,1089,NA
5775,3939,1372
5569,2493,NA
2420,820,3055
168,1106,NA
5365,2620,NA
1607,4439,1373
4874,5781,NA
3828,3937,NA
5471,4532,NA
2876,4240,NA
2900,4477,1372
267,826,2735
3051,153,NA
1547,2113,5086
3318,865,NA
661,2240,NA
3368,2470,1372
73,1773,NA
5566,2153,NA
5865,3101,NA
1832,2608,NA
3082,4679,NA
849,5781,1372
4789,4036,4596
2503,3562,NA
2172,1773,NA
4600,5382,NA
1504,2827,NA
4484,5685,5504
1259,4364,NA
3160,2907,NA
949,3575,2735
3248,1610,NA
2108,2470,5504
5333,3280,NA
2981,3939,1372
5710,1267,NA
2737,376,NA
2639,3153,NA
2836,2548,1982
2270,865,5504
4591,5711,NA
4848,4673,NA
3780,92,4596
2339,3685,NA
1026,178,NA
2736,4558,NA
2962,3312,NA
3538,988,NA
4218,2292,568
4898,3111,1372
5757,2113,NA
821,NA,4089
714,4532,1956
4384,5246,2735
3531,3620,NA
115,942,4596
5549,3937,1372
3831,3066,2735
615,4240,NA
224,3101,NA
1246,2153,4596
5318,1463,NA
1204,513,NA
5002,2922,NA
3501,5711,NA
2260,2608,NA
1003,1089,NA
2986,4558,NA
3691,4240,NA
4911,4686,5086
4005,4532,NA
2602,3312,NA
4843,4254,NA
1126,2153,4596
3141,1773,NA
1477,2113,NA
4770,754,5743
182,2470,5086
4889,3939,4474
4253,4837,NA
5329,2240,NA
5597,2656,NA
4611,698,NA
4298,2922,NA
4060,318,NA
1633,423,NA
2627,2493,1373
4190,5714,4089
2970,2907,NA
5223,4477,1372
1962,820,NA
3364,2788,NA
3436,5424,NA
5049,2685,NA
3023,153,NA
1141,865,4474
3233,1106,1373
2437,3562,NA
4854,3613,NA
4778,2333,5086
1628,2408,NA
130,2060,NA
5225,92,568
3655,4364,NA
2824,3685,NA
2070,4837,NA
4965,4826,NA
4519,2608,NA
5901,2827,NA
3898,2656,4920
4118,NA,516
2808,4532,NA
1343,5246,NA
2870,513,NA
1227,4240,NA
2454,1106,NA
2479,2208,1982
2996,1463,NA
5440,5088,NA
4389,3939,1372
3240,3153,NA
523,178,NA
335,3620,NA
1469,2240,3543
4955,376,NA
660,942,292
3975,487,NA
1847,423,NA
4585,2548,NA
2926,1773,NA
5025,5520,4474
4835,4686,4089
5445,4679,NA
4948,3937,NA
4461,3111,NA
364,2113,1372
1035,92,4596
959,3861,NA
871,2594,1372
5182,3111,519
3170,92,4423
2102,3937,NA
1621,1106,4474
4726,4477,5086
1292,2685,3543
48,2827,4748
2443,4036,4423
1294,376,2735
1816,4240,NA
4244,1610,NA
4078,2656,1372
644,2788,NA
192,153,NA
4732,2493,2735
5008,820,2735
2295,178,488
5505,865,5086
4601,5246,5086
1394,2743,NA
142,2594,1372
2906,3176,4474
1134,5088,4089
2100,1267,5086
3826,754,4089
3840,NA,1885
1278,2470,4572
4107,4254,NA
2485,4686,31
5015,2333,5086
3073,3312,NA
4982,1089,NA
1506,4826,5086
5423,1773,NA
3054,NA,3783
5169,5685,31
2774,4532,1201
4976,4558,NA
3899,2408,4597
1465,2292,NA
5021,5711,NA
5014,3939,4474
559,513,NA
2055,3685,NA
5817,487,NA
1406,2594,NA
5726,2408,2652
2389,513,NA
5626,3209,NA
3184,4181,4467
4933,3153,NA
1004,3620,NA
2395,1378,1373
1336,4686,NA
3639,4254,5619
432,2153,4423
4011,3861,NA
1247,2113,5619
2562,423,4580
5129,1610,1201
5550,5781,NA
5885,820,4423
2447,942,NA
3865,2548,NA
5617,92,4423
1859,178,NA
3337,3575,NA
3379,153,NA
2173,4532,NA
3703,865,5619
2579,942,NA
5779,4254,NA
93,2333,5743
1363,1089,NA
1458,4181,NA
1153,5711,5743
2318,1610,4580
2584,5685,NA
2849,2548,NA
4552,2153,2838
4664,2788,NA
592,3153,NA
5587,513,NA
745,4558,NA
4592,178,NA
4363,5246,5743
2524,2656,NA
4496,2743,NA
993,3939,4467
2921,1773,NA
2095,754,NA
5941,4459,NA
4032,178,NA
24,3060,NA
3734,3153,NA
1756,4459,NA
5359,255,348
856,865,NA
3414,513,NA
1389,2408,3783
4804,5711,4580
3699,5781,NA
5158,2113,3218
3106,423,NA
113,3493,NA
711,4477,NA
3805,1413,NA
897,4532,NA
2971,4826,5743
510,3685,NA
253,4181,NA
1149,2333,NA
5018,558,NA
4864,3939,3218
3297,2685,NA
5789,3861,NA
3480,487,NA
4640,1773,NA
5805,2208,NA
5940,452,NA
3040,5088,NA
1312,4036,NA
4125,2743,NA
3236,423,NA
4213,1610,NA
5880,NA,2729
4464,4254,4580
181,558,NA
5243,4181,NA
4201,2788,NA
2009,3938,NA
1129,2656,NA
681,255,NA
3162,4686,4467
972,820,NA
5641,3209,NA
4744,3861,NA
533,2432,NA
1714,3060,NA
2027,558,NA
4902,4181,3783
4925,2656,NA
320,3103,NA
4040,4826,1215
935,3493,NA
5316,754,NA
5369,5781,NA
2032,2743,NA
5813,4181,NA
5482,3938,NA
1263,5185,NA
748,3060,NA
5810,4222,3152
3169,1183,5237
358,2788,NA
2957,1610,NA
2236,5781,NA
2197,2656,3152
5499,2432,NA
788,5185,NA
1737,1413,NA
4807,2656,3152
4004,3060,NA
4703,4222,NA
882,5893,NA
5197,255,NA
1874,5088,NA
5474,4222,NA
3006,4181,4728
5752,2656,NA
2841,255,NA
3752,180,1512
2351,255,NA
5455,1893,NA
5096,1893,NA
5503,255,NA
2468,180,NA
4442,1893,NA
1178,1893,NA
57,1893,NA
3847,1893,NA
5579,NA,2479
1865,NA,2479
1462,NA,3905
4160,5392,NA
5677,NA,4974
4448,NA,1621
1076,1271,1939
1932,NA,3170
2739,NA,771
4521,NA,109
2314,3364,2395
4151,NA,1939
1925,3364,NA
1703,3898,NA
1988,5392,NA
4390,5429,NA
5087,3364,NA
4713,2000,5688
425,2047,3705
3164,2335,NA
5193,2338,NA
3460,5429,2115
4193,4129,1956
1754,5033,NA
2114,2335,NA
3406,1571,NA
1456,2047,NA
1272,2338,1956
1318,4129,1372
3590,3776,NA
4092,321,NA
4537,5033,NA
5307,421,547
2892,2427,NA
3468,2335,NA
2085,3102,1372
4851,401,NA
6,5488,NA
3110,5429,4220
3227,4129,1956
2274,1281,NA
3821,2769,NA
3239,2744,NA
4251,2047,NA
3747,2427,NA
5141,1571,2155
1574,3776,NA
786,5033,NA
1954,4188,NA
4085,3740,NA
1266,2509,NA
5201,3499,NA
1168,421,1372
3869,321,NA
1984,1509,NA
1680,401,NA
3050,5033,4474
4745,1619,NA
4500,1571,NA
1402,2685,771
726,2338,1956
1809,3776,NA
3446,2047,1372
1333,2744,NA
1475,3399,NA
2872,1881,NA
3819,4906,NA
4169,3740,NA
3118,1881,NA
3971,3499,NA
2251,3102,5504
5732,3320,5504
1184,2175,2735
4924,2769,1372
2497,4129,5086
395,5033,NA
2300,209,NA
3656,4820,NA
1366,4188,NA
3334,2509,5504
2366,2427,NA
4362,1281,4419
3147,4540,1372
692,3776,NA
5913,5494,2735
3395,3866,NA
1919,4188,609
3366,5429,NA
1097,3677,NA
3797,2338,1372
3998,3320,5457
2564,2769,NA
1704,1571,NA
4018,321,NA
4135,1183,3669
624,2851,NA
2321,2427,NA
4725,5033,5457
2037,421,609
389,3499,NA
2782,3608,NA
2438,5392,4089
3244,2047,NA
1216,4636,5457
3168,2744,NA
196,2322,NA
1012,401,1372
4943,3740,4089
1095,1509,NA
1449,4106,NA
3351,912,NA
152,209,NA
5154,495,4474
3149,1619,4089
5831,1083,NA
4614,2922,5457
21,3740,4089
4938,2744,4920
543,2106,5419
5123,4673,5457
3328,1950,NA
2127,2769,NA
502,1183,3042
5068,2509,NA
943,5005,NA
3629,4540,NA
3724,3102,4920
277,2292,3669
1301,2427,4423
457,5033,NA
1305,3499,NA
5662,4820,3543
1638,1509,NA
2476,3866,4423
3909,2322,NA
3718,5685,4941
2399,4106,5086
4289,2175,4423
5000,3608,NA
3305,318,609
5116,5494,3543
3215,3399,5086
4518,1397,NA
4194,5781,4966
1580,5429,771
3099,1281,771
4908,2406,1372
3713,1271,109
2296,1896,414
564,3740,NA
2421,2851,5743
4633,5392,NA
4204,1547,NA
5175,2419,4423
5681,5775,4474
3222,1083,2735
4973,321,2652
332,2744,1373
1131,2427,3543
123,2900,5086
5384,2322,3389
83,912,NA
3589,1442,5619
2154,401,NA
700,4129,NA
419,267,609
2689,421,5256
4130,2769,5086
5058,1571,2735
3276,1183,771
3105,NA,109
3332,3368,5086
2502,4636,NA
2648,1281,5743
602,3866,1373
3580,4820,3389
3028,3499,NA
5098,5033,NA
526,5002,NA
3491,5005,NA
5858,4188,NA
5470,2589,NA
659,3677,2735
5481,2338,5743
5097,5494,NA
4515,3740,NA
3811,4770,4467
1489,182,NA
2477,3102,5619
127,1183,4966
5575,4911,NA
613,4106,5743
2814,5906,NA
391,2020,NA
2969,4826,5275
4536,4848,NA
1084,2981,1438
1585,5033,31
5045,3499,NA
1661,5828,NA
4887,2589,4572
5568,2769,3669
5555,1571,1373
1130,754,5275
2273,1619,488
2117,495,5921
858,4218,5280
217,209,NA
3884,4188,NA
2591,3939,4966
5056,4532,4966
5869,5775,5921
3172,2106,5743
5037,3312,414
1249,170,NA
712,2175,4423
5238,3866,903
837,4636,NA
5310,5088,109
383,1509,5619
5839,3399,4423
2946,1281,4966
3862,4129,3042
1590,5429,4423
790,401,5743
5788,5005,NA
1255,4820,4423
2609,1547,5275
4493,4898,5619
910,4477,414
5727,3780,4423
1914,2836,NA
3946,2427,NA
4568,2419,NA
2182,2851,4966
4119,2108,NA
2183,1083,1201
5697,5392,NA
491,2047,5275
191,1896,4423
5838,3399,NA
1006,2322,5256
4545,2419,3389
4221,4129,5743
2864,3866,4966
4538,3368,2420
1470,2106,903
4081,4218,903
3402,2108,NA
3591,3102,3783
734,5775,NA
2910,4188,NA
5010,2406,NA
2111,495,5367
27,1183,4966
226,2744,5743
5735,1619,NA
792,4898,NA
890,3233,4966
5825,912,NA
2521,4911,3783
5456,2851,4966
3167,4540,NA
359,2594,5688
1273,2113,903
1187,5429,903
1868,1950,NA
3441,2836,5743
1419,2292,903
5870,3740,NA
1408,4636,NA
2506,NA,5367
1242,4686,4974
1391,5049,NA
4352,1442,5743
2329,2769,NA
2267,3209,1051
5624,4106,5619
4720,92,4182
3206,3898,NA
1696,3780,2838
158,4026,4904
3109,2427,NA
2758,5002,NA
3356,5494,3389
5074,3364,4904
3854,209,NA
5930,5225,4580
3961,2900,2004
3837,3677,2652
5131,4820,5237
3665,820,3831
2006,849,5743
3465,1083,3389
1604,1106,4966
2078,1281,4966
3371,1547,3218
893,5088,5367
1584,3499,NA
3886,4036,903
4303,5005,NA
3633,5392,NA
2618,1126,903
464,1442,NA
4368,2443,3218
4900,182,519
2121,1134,NA
3702,2406,NA
5228,1281,NA
3596,3399,NA
306,5775,348
333,267,2652
1902,4898,5688
3341,5828,NA
2021,2981,NA
1485,3677,5367
1427,401,3218
4436,452,903
4818,2548,5367
3336,92,903
4934,4835,NA
1746,912,NA
1229,209,NA
4684,2419,903
4894,3780,903
390,4026,NA
1015,1619,NA
4989,754,4182
3076,3102,603
5782,5392,603
4806,4188,NA
4282,4540,3507
120,2836,NA
5528,3740,NA
4351,5049,NA
1920,2108,4182
5200,1083,4580
2754,2744,5367
5013,2427,NA
4667,3312,903
793,942,4966
3229,2589,NA
1907,3866,2838
4882,1126,903
2480,2769,NA
4988,5088,5367
3440,2175,2838
3599,3368,3218
4573,2322,5237
3974,3898,NA
2226,4820,NA
2955,4636,NA
921,5033,3783
3679,4770,2652
2356,2656,5367
160,5423,NA
2184,2020,NA
1233,5002,603
2440,1509,3783
2811,3499,4966
2269,4218,NA
5734,849,2378
4984,5494,NA
3694,2106,519
2212,1183,4966
1561,2769,NA
4056,495,5367
1315,3866,4484
2288,912,NA
5342,5429,903
4754,4106,2004
600,2900,4467
477,1294,903
5125,2106,5367
5580,1406,NA
3469,2485,3783
4433,2906,NA
724,3899,NA
3370,1126,NA
2783,5392,NA
816,5033,NA
4260,2419,4580
1520,1281,5743
405,1896,3507
3430,1547,5921
3243,4129,3783
1783,2774,NA
485,2851,5237
91,182,4389
5047,2824,NA
4967,2406,4467
2832,209,NA
2801,3898,NA
1114,4558,3507
3313,4188,NA
136,3364,5688
1967,5775,2004
5939,5169,4182
4957,2981,5921
4751,5002,NA
1682,3233,5743
2930,5225,903
3068,5505,NA
5518,644,NA
4269,4636,NA
4344,3740,NA
5110,4188,NA
3510,4129,3041
3532,1896,NA
3442,3866,4597
1420,4820,903
248,912,NA
550,2419,903
1629,4835,3783
398,4026,NA
2347,4540,4336
3682,3677,5367
744,3740,603
2604,1509,NA
2580,2769,NA
65,2406,NA
620,209,NA
2950,3898,821
640,2108,4904
329,820,364
3684,2774,5237
2495,2836,NA
1179,4898,3783
4852,5033,603
5919,3102,3783
3919,5049,903
582,5775,4484
3378,2851,3041
4179,3364,NA
1016,4770,3152
3211,2443,903
5537,267,4336
3997,5225,903
4404,3233,4966
1396,5828,NA
2727,2981,4484
5523,4686,3170
5301,2427,NA
5319,5617,903
5777,2589,603
690,2562,NA
5048,1547,3041
4102,2485,4190
1135,1083,NA
1339,2906,5367
5084,1281,5237
2034,2020,NA
1193,2106,5237
1369,5505,NA
4760,1950,NA
1264,3899,603
4272,4106,NA
3374,3780,5237
3858,1126,903
2948,5429,903
4143,1126,3826
3286,432,5921
511,5088,5542
3134,NA,5367
2186,2427,NA
5637,4218,4384
3743,1153,5237
2150,2900,603
2512,754,603
5100,2419,4389
1551,182,821
5806,2906,5542
2096,1896,NA
2818,1281,5237
4300,2406,NA
2699,5002,NA
4665,5775,3152
4768,2981,4778
3762,1442,5367
594,2824,NA
1329,1413,2255
1412,2318,NA
399,4898,NA
3112,3780,5237
4877,4129,5367
3539,2108,1621
5121,4552,NA
30,4188,NA
1234,5225,NA
5289,5392,NA
5130,2851,4384
5655,4664,NA
5636,1294,903
4853,644,NA
1923,1281,5237
4621,NA,3170
4055,2427,NA
5397,4552,903
5790,1183,4389
1797,4378,3840
3052,5828,NA
3382,2589,913
4166,3233,4384
4561,267,NA
3806,2906,NA
530,1509,NA
5069,5775,5542
133,2562,2270
4775,754,4190
2535,4686,603
4029,1083,903
3955,5617,903
4147,255,5367
2725,5033,NA
1195,3677,364
2051,2971,3093
3790,5169,5367
5652,4770,603
4631,3898,NA
4616,1547,5367
2821,3740,NA
42,3899,4748
3585,2406,NA
5437,2769,913
5643,253,NA
3936,2774,4384
2337,3102,5542
5227,2443,4389
2761,4820,903
1765,1896,4336
22,2485,NA
5531,2836,5367
4049,2851,NA
1856,432,5885
5194,5225,903
1658,2020,NA
801,2106,5542
548,182,5367
3188,2318,NA
5296,1129,NA
71,2900,821
4084,4636,NA
3294,5617,903
5250,1294,NA
2741,5392,NA
4603,4181,5367
3285,NA,2255
4112,5225,4384
297,2774,4389
3935,253,NA
3450,4770,821
4769,4218,2316
720,267,NA
5099,4936,129
2398,2589,3432
906,1183,4389
5257,2769,NA
5873,754,364
4035,3780,4389
4104,4898,4484
3324,2849,NA
3492,3162,4118
2330,5169,3054
3945,2406,3432
964,5033,NA
316,2443,903
4885,5587,NA
1293,2106,1621
2083,1126,903
1380,1153,903
1767,1294,903
1144,1183,4384
2985,5940,NA
1926,2981,NA
2298,4496,NA
971,3102,NA
400,4898,3054
4328,1714,NA
1933,5225,903
5507,2318,3170
5932,2774,2316
4265,5392,NA
756,2562,NA
2466,3899,1749
763,5169,3840
43,3162,1190
4214,4540,5885
164,3780,4389
4170,4040,4484
1985,1153,3170
5016,4636,NA
1557,4552,903
1057,2406,NA
1467,4835,3840
1437,4218,1621
4706,2485,1088
3199,5587,NA
751,3233,4389
3657,4552,1621
1133,267,NA
2313,2971,3840
444,432,1621
4261,253,1088
344,2318,993
458,2443,3826
3675,5225,993
776,NA,2255
4277,3102,NA
805,4898,2395
4466,1126,1621
47,754,3054
2592,5617,4384
4445,4770,3054
646,2562,NA
5461,5392,2693
3316,2900,3054
2823,1896,NA
5122,1183,4389
16,2774,4389
3695,1294,NA
5764,3162,490
262,182,1845
4353,2836,1845
4977,3169,4389
5653,4363,1845
5762,1153,NA
5146,2443,NA
5487,2485,2586
2700,2443,5158
3080,788,NA
5186,4770,4728
759,182,4728
2180,2562,NA
76,1153,NA
2865,2318,5158
5291,3162,5231
2790,2971,4464
2450,2562,NA
3527,788,NA
294,1294,5885
5436,3162,2239
1387,2971,3054
2350,1153,5158
4656,5587,NA
5835,2971,1873
1930,4363,NA
2069,3162,2586
1694,2562,NA
2446,788,NA
813,3169,NA
2902,3162,1399
1351,788,NA
2426,2562,NA
4428,4770,1873
2498,4363,NA
2372,2443,NA
4392,2971,4161
3625,3169,NA
4434,3790,2586
5860,NA,4900
5019,NA,4713
4986,NA,3105
1009,NA,5782
5795,NA,1402
4113,NA,3684
3138,3790,NA
2254,22,NA
3798,1754,NA
5534,4193,NA
2825,1318,5743
460,1754,5457
1963,4193,NA
2281,1272,NA
647,5307,NA
1908,2085,NA
1721,2872,609
367,1272,5086
3697,1168,5086
5704,1754,NA
340,1318,5086
1108,4193,2652
1794,3227,4474
4471,4924,31
1667,395,NA
5412,3050,5275
3451,5732,5743
2377,1754,NA
1448,3118,2652
2059,726,NA
496,1680,NA
4165,2085,NA
3516,1184,4423
4490,1216,NA
2123,1919,NA
5763,5913,NA
3526,1318,5921
2471,5307,2652
5361,1272,3042
259,3334,5619
5920,2438,234
4347,3050,NA
4365,3118,NA
1974,4725,NA
4602,4943,NA
5081,1012,NA
5517,1754,NA
3652,395,NA
1411,1168,5743
12,3724,NA
1820,726,5743
2418,3099,3110
4134,3149,NA
5212,1318,5743
2086,5307,2420
1120,4924,NA
1358,3149,NA
2646,2851,3110
5753,5225,5141
2706,2438,NA
3323,3724,3783
1656,1272,5743
5543,3334,4182
4513,1216,NA
4531,4500,NA
443,4614,NA
5683,1919,NA
3871,1168,519
3433,2085,3783
5742,2153,2497
2056,5732,NA
3217,2476,903
60,4725,NA
2434,5913,NA
5264,4924,NA
4606,1318,3218
4958,1184,4580
3733,3099,5743
3301,2438,603
3039,395,NA
5144,1184,4580
970,1012,4966
2463,5098,NA
4653,1754,NA
4783,4943,2739
1966,726,NA
1526,383,4484
3751,2648,5743
663,1919,NA
1672,5384,NA
819,5732,NA
1103,659,NA
1864,3724,603
1684,1168,5367
586,2085,3783
134,5088,3797
393,4887,NA
1518,3099,4484
450,790,4778
3314,4500,4597
633,1919,NA
5924,712,2838
784,2117,4904
5372,2438,NA
3686,2648,NA
3777,5074,4190
2834,5913,2838
4374,1318,2729
3265,1216,NA
2342,5384,5237
1793,1249,NA
3583,182,3147
3002,419,NA
2575,726,4484
3325,5732,NA
2147,910,1607
505,5098,NA
2508,4614,NA
5654,2609,3152
5102,1012,4778
697,4924,NA
2684,4218,5839
5744,1184,2497
4090,1272,NA
2367,5825,NA
5530,564,4484
650,3334,3152
439,495,2251
5190,1242,1190
1904,4720,NA
3187,1318,NA
221,1233,NA
1903,4515,NA
4997,4363,123
1056,395,NA
3137,1012,4384
4944,5098,NA
1171,27,5237
4857,3149,NA
4322,3099,123
3922,2443,2497
4053,359,5839
4185,5384,4778
3781,4943,NA
3032,3679,1607
1430,5825,NA
5407,1272,5921
194,3591,1190
3251,3724,NA
3794,659,5542
4381,1216,NA
1261,3334,123
2501,4924,NA
5454,4352,5367
52,5732,NA
3254,4725,1638
5030,3099,364
4682,2438,NA
5288,2801,NA
1830,5913,NA
5675,1427,5542
173,2117,NA
1951,419,4190
3012,910,603
3843,5825,NA
3241,5732,NA
2738,27,3811
969,4538,603
122,2085,NA
2937,5677,129
2804,3076,4778
4649,4725,NA
4199,3665,5839
2628,3946,NA
3009,1919,1638
715,2440,NA
3544,2609,4778
1407,4500,5542
2140,2419,3110
3825,3341,NA
4815,5384,3811
5720,600,4190
5137,2754,4778
565,2648,5237
4294,4826,3147
3372,4720,4389
4795,3694,893
420,4943,NA
2482,4614,NA
4425,1242,1190
979,1184,903
1802,790,4384
1142,1126,5141
2799,4887,NA
5390,1920,4778
287,1249,NA
3007,1584,NA
2645,712,903
5712,5088,3147
4224,659,364
2908,2006,1580
1710,4835,123
3253,1919,NA
5258,3898,1580
1151,1920,364
2847,1012,4389
62,3694,4389
1594,3076,4484
1219,5775,123
4176,4725,4908
1601,4720,4384
5389,27,4389
892,3946,5885
822,5088,3718
4367,4924,NA
4849,1184,2497
3664,2438,1190
3607,3724,4118
4499,1896,2267
1952,3665,NA
2637,359,4190
1155,2971,123
3485,2648,4389
1424,2117,4118
4366,1584,NA
4074,3099,4484
1583,2981,3797
4082,726,4484
2775,712,333
1164,3233,123
3838,5825,NA
1542,4363,613
1214,4352,4484
3458,2006,3147
5829,4887,NA
934,395,4908
4153,485,3147
3136,495,3718
1541,3679,4484
3833,1339,5839
4255,790,123
1706,564,NA
3522,4957,129
2654,3099,1187
4617,4102,3840
5748,1427,2316
884,5825,NA
627,5828,5839
782,4363,5839
5199,4260,4389
3182,2443,893
4022,3694,2267
3349,744,3152
5083,4404,4778
2967,3724,1187
5791,5384,4484
4024,4943,4282
5556,4957,4484
1839,1682,1255
1075,1547,123
1673,2609,2316
4502,1012,3826
1734,564,4989
5842,1339,5839
1620,910,3054
5812,359,3152
3626,4352,364
4159,3076,4989
5701,2006,5200
2833,712,3170
5219,27,3826
3466,3591,5782
3715,3211,4384
475,4181,5839
5868,3898,792
5040,1126,3147
2272,4538,3840
3729,600,3054
809,NA,2506
2341,2769,4989
5259,1179,3054
3064,3665,4190
3517,2801,NA
5525,1016,3054
2690,5913,3170
1670,2117,3152
2561,659,1255
1300,4887,NA
2705,1919,NA
5279,2648,4778
4798,5048,1621
1566,3946,NA
3990,4686,2021
3089,1629,364
1635,3614,3811
4831,1184,1621
4480,2604,364
634,2438,1190
402,4720,1255
3062,1242,NA
2625,4924,NA
736,2754,123
3673,5732,NA
4276,432,123
3489,4720,3826
1733,5437,NA
1283,4352,123
5420,2727,2356
1987,910,3054
5404,1242,3840
2881,1427,5839
1071,4887,NA
2017,4540,2267
4932,4924,NA
2742,4040,893
3505,1551,893
4859,2754,123
4914,4404,4389
5794,5088,1187
4866,1920,893
5877,2485,5777
651,5384,5885
4516,2150,NA
1748,790,4389
623,22,1845
2518,2836,123
1857,2648,4389
3246,3946,NA
84,1584,NA
4379,2006,NA
554,182,893
1761,2981,893
1833,419,NA
2488,5169,5782
3250,395,NA
1709,3665,NA
5383,2656,3718
5248,3162,4056
5497,1547,5839
5590,659,1301
605,3679,3054
5164,2085,1190
2549,1919,NA
124,NA,2021
4243,1967,1187
2601,5319,4464
111,27,4389
1812,4725,2479
5241,1179,NA
2349,4957,5839
2796,1016,1902
2554,1129,1255
1268,3169,3811
3818,255,5839
2016,3780,3811
5544,1012,3811
3918,133,4521
5105,744,490
4879,405,NA
1306,3936,1902
1280,4538,1902
2694,1682,893
2850,3211,1845
1284,3591,2693
2046,3694,3961
301,2117,5734
4271,NA,2021
328,3099,4464
4632,2604,1845
2540,4102,4056
1452,3790,NA
1205,2754,1902
1486,5643,NA
534,2051,2021
3115,1184,1621
2975,3076,1845
3917,1242,2586
154,3724,3905
4357,600,4728
914,790,4389
5684,4957,1845
483,5790,1902
5600,2648,4464
5363,5048,1845
4435,2150,4728
1579,255,1187
2854,5825,NA
1221,3382,NA
795,NA,3684
5657,4887,NA
1202,2609,3469
3345,4616,1845
3914,1629,2586
5693,1339,NA
272,27,2316
4280,548,1845
4791,3665,1902
3932,2006,4728
434,359,1845
18,4260,993
5833,712,3826
3482,3294,5158
902,5384,4464
1330,2604,NA
472,1242,3840
1871,4352,893
451,1184,2267
948,4218,3811
4076,4957,1255
525,2083,2267
2067,801,3811
2513,4706,3469
3424,4616,893
465,1682,3811
1637,5617,333
70,2006,NA
2837,2051,3054
2781,5790,1902
5226,4102,4989
2632,4112,4728
198,3790,NA
3749,548,2789
1285,2150,5880
155,4404,3811
4325,600,2512
2603,2754,1902
721,4720,5158
4211,1629,1399
783,4835,2512
2205,3076,3840
1109,4621,4217
1314,2609,4728
3031,NA,1932
965,3724,2586
1900,2117,NA
2877,1551,4728
4422,3936,3811
3008,4363,1902
4242,5048,1255
5514,712,NA
2159,790,3811
4707,1339,5231
4158,3099,1187
4635,3450,893
658,2836,3955
2385,659,1187
1916,5194,1932
4578,43,4989
2228,133,NA
326,359,5880
1496,4035,NA
909,3169,3811
1707,3694,1621
929,2648,3811
2626,5643,NA
64,3211,5158
2030,27,3811
5167,1427,893
3085,3935,2506
3020,3936,1255
1099,2604,NA
2794,4538,NA
4069,1682,NA
4031,3450,1076
991,2330,NA
3799,NA,4900
551,400,5880
3390,2754,3054
4584,712,136
2109,5932,1255
1024,1919,NA
5360,4818,NA
3836,1427,1255
3999,2006,1255
3203,4102,2731
5479,27,1255
1659,4621,3919
4263,3211,NA
4730,133,NA
5854,3169,1255
5904,3286,893
4288,4404,1902
2354,1920,4989
2223,3935,NA
1077,405,3919
2065,3694,3134
1823,1551,1076
2345,3724,1873
1461,180,2356
2334,3665,NA
1446,3591,2239
4860,2648,1621
3098,548,123
4834,801,1187
4607,5643,NA
2672,2150,2506
4331,2318,333
37,182,893
5215,4112,3134
5792,1339,5200
3722,2485,4775
436,790,1255
5648,2117,5200
1117,3790,4909
1723,43,NA
727,359,2021
4028,2443,136
2610,4957,3054
1999,5790,3811
355,4352,1255
4403,1179,NA
4338,5048,5200
3680,5911,1076
3904,3099,5200
4361,297,1255
4317,2648,5200
1428,548,2021
3494,4538,4147
4555,297,NA
431,4616,2021
5758,1919,NA
429,4770,2021
686,4818,NA
4093,1179,3840
5336,4112,1902
5934,27,136
5330,400,2506
1125,4706,NA
2875,5764,NA
4813,790,NA
5027,3099,2761
1535,43,NA
4030,3450,4147
500,4957,2021
3422,2754,3054
4232,1339,NA
2301,4404,136
3392,5643,NA
3792,182,2021
5589,3286,NA
4723,1920,1873
5724,2051,2021
4350,1551,NA
416,5790,136
3995,4352,5885
546,5932,1255
2120,1294,2267
3584,1427,3054
2510,2604,NA
1416,3169,136
2336,1242,2586
3636,4621,NA
5883,600,893
1801,1629,1873
2576,3076,1873
3706,3936,136
4978,2330,NA
2780,3790,NA
1425,1153,2761
3086,3694,NA
844,1629,2512
3893,5932,136
305,2485,2512
2884,4616,2021
4015,262,4464
377,NA,1255
3179,4957,4147
5341,3936,136
4763,3450,4147
3426,NA,5099
3957,548,2021
3025,4621,NA
4979,5790,NA
3381,5643,NA
1256,3935,NA
430,2051,879
5631,1339,NA
4386,1551,1873
494,2443,136
877,3724,NA
561,4260,NA
2145,4353,2407
369,3790,2731
4208,2971,5531
5519,3211,1255
3817,801,4161
3010,5048,2021
5669,400,5531
2429,4706,NA
5557,2648,136
1605,2604,NA
1270,2330,NA
5150,297,136
1473,3591,1399
3344,2083,333
870,4112,3919
1356,4363,2021
3963,NA,5531
1382,3935,NA
4850,4621,NA
2101,2330,NA
5053,4102,4161
1349,297,1765
1488,2006,4161
19,4352,4161
3632,27,136
945,3169,2761
159,5764,NA
5427,3450,1873
3561,801,NA
957,548,1873
1805,4538,1545
1019,5643,NA
5147,1920,1399
3225,5436,1865
1232,3936,136
1065,4957,3955
4066,3211,3919
4721,3076,2512
5467,NA,4151
1036,2754,NA
5659,3286,2021
572,600,1873
334,4616,4161
789,3294,NA
5592,4404,136
936,3936,136
995,2051,4161
4954,1339,4104
3135,4957,4161
5229,5048,4161
3568,1427,4161
2177,4260,NA
5886,3790,NA
1403,1551,1873
1877,4102,2512
5017,400,2506
3331,4616,4161
1091,405,NA
1298,2648,NA
2325,5932,2761
5881,548,4161
738,3169,136
3721,4706,4151
1918,27,2761
2760,2083,3919
1262,2330,2512
3022,3169,1765
3011,1339,NA
4301,801,5099
5772,4404,NA
2634,4957,2761
872,4112,776
5508,548,4161
5408,1682,136
5060,2083,3134
3321,3211,NA
2309,548,2761
2972,NA,1467
5698,4112,3919
3125,2083,3919
67,2350,4445
5108,3286,NA
1385,1339,NA
3183,2902,NA
278,2330,5103
3360,548,2895
1244,1339,NA
5771,2350,NA
2678,4102,1207
1066,3936,4445
5596,1682,NA
4975,2083,NA
4870,2051,NA
1887,2350,NA
1310,548,NA
4683,2083,2468
4917,1339,NA
5446,2083,2468
5830,2350,NA
5651,2350,NA
4122,623,NA
4562,NA,134
2963,NA,5389
3348,NA,5659
4046,NA,5669
361,4448,3323
777,NA,1262
4291,5795,NA
4228,623,NA
2568,3433,NA
97,623,NA
869,5812,NA
5135,67,NA
2578,623,NA
5305,658,NA
824,658,NA
1357,5792,5103
4138,NA,5854
1137,1244,1462
2,2825,903
3930,460,NA
3084,2825,NA
1005,460,NA
4285,1721,NA
629,3697,5367
2282,460,NA
1423,1721,603
3161,3516,3147
3906,4165,3783
5148,3697,5367
2353,1108,1215
3365,460,NA
1840,2825,2004
5485,5920,NA
812,259,5367
3387,4165,1190
3824,1820,NA
963,2825,NA
3606,1411,NA
1556,259,5367
5156,3871,NA
3890,1721,NA
665,5543,4778
3993,460,NA
5603,3697,4778
493,3516,903
5207,4036,5763
2308,4540,5763
4299,4958,5141
3237,3516,903
5689,460,NA
4645,60,4118
3295,5543,5367
4872,1721,821
3766,3697,NA
743,4165,1190
728,1108,3105
5134,2825,4484
5620,3516,2497
3994,5543,NA
4827,3433,4118
3540,1411,4484
1042,1820,NA
2797,5742,903
2746,2418,3718
2076,259,123
719,60,3432
1476,784,4900
4120,5543,1255
28,4783,NA
2798,2825,5839
2204,5742,4389
1498,2418,5839
5385,3002,NA
570,1411,5839
1460,4958,3170
456,5744,3170
5784,650,993
5174,1820,4484
2362,3697,1255
5443,586,3840
2550,5212,1301
2805,5144,2267
3981,2418,1301
1736,5742,3826
5722,5744,993
4311,4783,NA
3663,1411,893
3021,4649,NA
5036,3433,5777
966,4958,3170
2410,1518,3718
3056,969,4728
3880,1721,2506
5124,1108,3054
5388,4165,4728
2557,3516,3170
5910,3614,5763
3404,259,893
238,1710,NA
1786,784,1845
2448,420,NA
3941,2825,NA
5739,650,1845
1033,979,3826
4880,4815,1845
2726,5543,1845
5560,5144,3826
4391,4448,3323
3044,4165,2586
3768,1820,1845
3077,5712,1656
5432,3002,NA
4452,5744,1621
3579,784,5200
4829,5212,893
749,5144,333
5730,3697,NA
427,3946,3323
1772,1126,4053
4698,979,993
1436,5712,1187
2075,650,893
1495,4165,2586
4512,822,4728
1728,3485,1902
117,3607,2586
739,3665,3323
4377,4649,NA
5625,5543,3054
2925,3433,2586
1327,5675,1255
2519,2825,4464
5809,1411,893
3574,62,1621
1324,2645,NA
428,5258,NA
2459,1541,2021
4258,62,1621
555,979,5158
4886,3433,4989
3744,5675,1255
5498,650,893
5302,4159,4147
1729,1820,1187
5780,3466,2950
808,4165,4147
4225,4617,4147
1182,5525,2506
4990,4260,4425
1788,5712,5200
4054,784,5200
489,4815,893
1123,1710,4989
1059,822,4056
5409,3485,NA
5506,5812,NA
187,5144,333
2936,1411,NA
1603,2705,NA
5733,4649,NA
2635,5742,136
2134,3433,NA
5480,712,3323
2453,3607,1873
1942,1452,316
1508,2006,4053
4044,822,893
1453,4165,1873
1308,5712,2761
5628,1153,3323
868,3485,NA
4766,969,1076
3949,3002,4053
2487,359,194
951,5144,NA
1235,2443,3323
2587,2742,2021
2053,2705,NA
3016,5675,3054
1531,4617,NA
2677,784,477
3550,4649,NA
4346,5543,893
4921,5525,879
5366,5212,4147
1386,328,3684
5574,4102,194
1792,2554,NA
2489,2967,NA
3165,5258,NA
5663,623,NA
5562,979,3323
1655,1126,4199
3081,650,893
4557,5795,1512
5284,1284,2586
2916,3433,1873
1976,650,4161
3048,1280,NA
4266,4159,4056
1029,1710,5579
2697,914,333
424,154,1399
449,712,3544
293,2554,NA
2393,2742,2021
5513,2117,1285
1274,1541,1873
1410,822,2021
1347,5525,1467
368,62,333
2987,405,4849
4454,5833,3919
4608,4357,1873
2828,1682,1214
1636,5675,5805
5928,4632,NA
2615,5144,3919
1742,3115,NA
2118,2850,4464
3643,1427,4199
4994,3932,NA
1395,784,4161
3437,4404,4199
5376,4435,1873
3986,1411,4464
260,4280,4022
898,5744,3323
252,3607,NA
2734,2385,1214
176,5812,4022
2830,3485,136
2304,969,1873
1852,5258,NA
149,979,3919
1360,5226,1902
4320,3715,3134
13,3485,1765
2077,1871,NA
1001,3715,4053
157,914,136
1841,3203,4022
5551,2443,4053
5460,4617,5099
4013,650,3469
4197,4242,5099
5113,3002,4445
828,2700,4022
5478,5812,NA
274,1242,3522
4305,3085,NA
1354,328,1873
891,979,3919
4777,4632,934
1478,909,2761
3438,4165,2512
4822,3115,2761
3571,4584,3544
3834,822,4161
3672,1710,3522
2680,5258,4900
5176,5792,3006
372,4404,4849
863,2837,NA
3730,1179,1951
3132,1637,4849
146,2967,1545
5447,5932,4849
1041,4435,2937
3049,262,2937
4899,2554,4986
3443,1205,4161
1647,4260,4022
4969,784,4074
4249,5712,2407
1597,1411,4074
5196,5675,2761
2750,4791,3285
5344,2645,3919
2370,623,NA
4581,4649,NA
2863,1280,3319
1196,969,2512
3439,1541,3319
2938,1820,2021
5303,5833,4603
3628,4649,NA
1053,3482,1467
4861,3392,NA
1241,3115,776
3092,1077,NA
386,3935,5389
3972,4280,4161
4173,3722,2512
1390,4331,3919
595,3724,809
3247,979,3919
3192,909,1306
433,3162,301
5139,1411,NA
2810,2030,136
3555,1205,4161
302,5479,2761
5844,4435,4986
3274,4357,1873
3311,1637,4053
1503,4093,NA
3979,5144,3285
5324,3715,4053
4444,429,NA
2807,2742,NA
4108,1541,5531
2868,969,1873
1401,5712,1467
3810,5525,2512
34,431,4161
4075,1710,4022
2025,822,4161
4983,4165,5653
2653,4707,NA
994,3433,2512
2528,4288,5531
1340,3494,NA
2649,262,4986
1906,2485,3522
5545,4617,892
1192,2610,5099
4642,1452,NA
3352,5833,776
5399,3211,4053
5892,4791,NA
3587,2967,NA
1876,62,5531
2452,3591,3522
4750,5934,1765
5633,2837,4713
2887,4028,NA
2348,5792,NA
4746,4584,776
3572,3098,5099
2243,465,4161
2745,328,3006
1577,2385,4104
655,2554,NA
3605,3485,1306
5468,1801,3522
5679,1629,3522
4565,4280,4161
518,3085,NA
1105,5226,NA
5700,4242,4161
5820,4435,1951
2505,4707,NA
406,5048,4022
1762,328,4480
716,1801,2512
4408,5027,3955
3262,3211,4053
2980,969,4161
5713,4584,124
1260,2554,NA
670,623,NA
1813,154,1467
4945,NA,1151
5736,658,4313
1188,2120,4445
4696,2030,3134
4086,5330,194
677,3076,892
1238,3002,NA
2331,2850,NA
3288,4331,3919
2058,4649,NA
2616,5479,136
3275,3450,2937
4279,1871,NA
300,NA,5389
3057,3904,2937
5756,297,1594
4587,4357,2937
3145,5792,4900
116,3836,3955
108,1077,4445
1640,4706,892
2229,1205,5099
5394,1416,136
5128,1637,3134
653,2385,4074
878,4338,NA
3306,650,4161
654,5812,809
1804,2967,NA
5078,1280,1734
1653,3162,2937
1107,822,3955
4062,2051,4480
2816,4093,194
5006,3836,3008
2326,3715,4053
780,5479,3008
3674,2700,4022
1858,4707,NA
241,3936,3008
4935,4102,1734
2755,328,5099
3067,62,5019
536,431,5099
3502,5812,4807
3654,813,3008
2449,3485,3008
4623,4763,809
3815,3225,NA
4195,5144,124
718,2330,1009
4940,400,892
2128,3722,1734
1250,2610,3008
3558,3680,5860
899,5792,5860
331,1637,4053
5077,4028,NA
5391,1629,2205
3464,465,NA
5847,2030,NA
345,429,892
4548,1416,3008
5,262,1214
2931,1205,4022
1374,2554,NA
3855,3115,1109
688,1428,4986
1466,3426,4271
2050,3482,NA
4012,4280,3522
3029,1452,NA
33,4404,3008
3803,623,NA
5935,4338,4022
4786,3169,3008
1808,5724,1467
4998,4616,4480
474,909,3008
4370,5525,301
1189,416,3008
2858,2385,4503
5236,3817,3008
5702,5226,1009
2008,4721,892
1800,3286,124
5143,5712,3999
4382,822,3031
2940,334,4480
3231,1232,4445
2665,4707,NA
4523,1805,1009
4638,5525,NA
2812,5027,2895
1924,3836,4445
3594,650,4271
1945,3482,1306
4234,2030,727
1468,2120,NA
2202,2385,4503
2211,5479,4445
3552,4357,892
2084,5835,4480
3327,3085,4313
3484,4242,3031
1593,5833,124
3698,328,4503
118,5742,1306
5515,1077,NA
3921,909,4445
1983,2967,2895
5166,5053,1935
527,2850,3031
3429,4093,NA
1686,4028,NA
4842,1637,1306
2666,3715,NA
905,3450,3031
3870,5427,3031
3,2837,4313
3159,4242,809
4441,2350,1109
5136,914,2761
1346,431,1467
1955,2967,NA
349,4208,4113
2097,3817,4445
503,4093,1207
3735,5479,4445
5287,3715,1306
2259,5835,3031
4570,909,3995
441,4763,809
1837,2030,727
1722,3836,3031
2611,1416,3995
1606,262,1823
1111,3485,3995
2431,2083,124
1540,328,4104
5912,3085,4313
1017,5226,3008
2035,4404,3995
2633,3169,434
3646,2051,3031
81,4112,124
504,548,3031
3849,4338,3031
4802,1637,124
5563,5724,NA
308,822,4104
1228,4435,NA
2732,416,4445
967,1349,2761
454,3426,4313
417,5812,NA
468,3115,1916
5647,1339,1461
689,4280,3008
3121,429,NA
5208,400,809
1998,334,5099
2547,4208,3799
225,3485,NA
45,4763,NA
764,4721,1467
800,5881,1461
575,3680,NA
4731,4280,3008
4155,416,4445
2555,2350,5854
3213,909,2877
4929,5835,2877
3756,4357,1467
4196,1403,2877
5160,5833,1916
56,5408,2877
2815,4093,NA
3547,2120,5854
2763,1637,1306
3746,1428,124
4549,3135,2877
5800,5427,NA
3711,5525,NA
5718,957,NA
375,1232,3995
101,262,5336
1870,995,NA
5827,2645,3020
4652,4584,1916
5731,3836,2877
1961,431,3008
2695,1425,3708
637,5479,3995
3148,3904,2301
3292,4112,1306
4417,548,1823
901,3715,3020
1938,5812,1306
5849,4331,3020
2659,3722,1207
1652,4763,3999
1334,4093,3999
5082,1416,2877
3455,3485,3799
2214,NA,1262
4862,3450,5336
3249,5479,3995
3772,957,2877
3033,2120,5854
5472,5027,2301
2412,429,3010
4915,334,3008
4051,5833,1916
5065,1077,NA
1878,4242,3008
2553,1205,2877
5066,1349,3995
2289,3115,NA
1537,4338,3008
4553,5881,3721
3380,328,1306
4622,2385,1306
2413,1416,377
5265,4208,1461
1505,4357,3999
680,4721,1461
2188,416,3799
4463,431,1461
5213,909,3799
3912,995,2145
2467,3817,2468
3127,334,727
2860,957,3008
4345,NA,1262
1173,4280,3008
5434,NA,1999
233,5525,NA
5475,5408,3020
3190,1349,3799
4525,3715,2468
928,5479,3799
4765,2350,5336
1290,4584,5854
3107,5833,1109
3860,1403,2301
280,3135,3008
5395,5835,1461
4895,334,3963
5132,909,3799
5725,5427,1877
327,3360,3008
4476,328,NA
5172,3817,3721
2262,548,727
4019,4208,NA
2373,4584,5854
2207,2030,3721
3386,3135,3963
4223,1205,3799
2233,5479,377
2044,3715,377
4655,5771,NA
5678,1077,5336
3061,416,377
2534,4331,NA
1251,4242,3008
1554,1416,377
5339,3817,NA
4406,4721,1461
4235,995,5467
3985,909,3721
3769,658,1262
360,4338,1461
1353,5881,1461
4627,4584,NA
1575,5479,377
2984,3722,3576
132,416,377
1611,1349,377
5239,5408,377
556,3115,2468
1842,4357,NA
5244,4584,2468
5642,334,1461
1,5792,NA
5351,3836,3963
3649,4093,NA
5055,957,377
2545,1077,NA
1493,995,5467
3284,1349,NA
1807,3722,5374
1072,5771,NA
2364,5479,NA
5106,4584,NA
2192,431,1461
403,67,NA
4059,4242,870
5050,5427,1461
3178,995,NA
2141,4208,876
2460,3722,5374
1140,5771,NA
682,5792,NA
2079,4093,2478
5816,995,NA
5162,995,NA
2673,67,NA
4712,5427,2368
4547,995,4487
1392,NA,3145
2857,NA,716
341,NA,3387
4172,NA,2987
4739,5647,NA
2225,2,NA
2137,2,5839
4383,5148,NA
2533,3906,1190
4189,5148,4174
4901,5148,1902
3268,4872,NA
3413,3237,4464
4171,5744,1423
2588,2076,1255
762,3237,1423
66,2,3840
3013,969,3387
5192,4872,NA
4397,743,1255
1296,1920,2308
3477,1294,1423
2522,5443,4909
3428,3715,1423
1657,5620,136
3017,3237,1423
5120,5148,4425
228,5617,1423
2998,5744,1423
286,2083,1423
5540,2798,893
2929,5784,893
4794,4872,4909
3202,2550,3054
2383,743,2731
4583,3294,1423
4488,2,4147
4274,5620,3323
2441,4452,NA
3435,5742,1423
987,2,2021
3189,3237,3243
4782,3715,1423
4643,4872,NA
1525,2798,3054
3816,743,763
4535,5784,3955
2256,4815,1423
1596,2076,2021
1991,5148,3054
5337,2645,1423
524,5620,3919
1481,1772,136
5118,3237,3919
5767,4452,NA
2621,1436,2407
5381,5443,2512
1882,4391,NA
2112,2550,2789
2771,5784,4161
1211,2076,4161
5476,5742,1423
4326,3768,3955
5599,3294,1423
3650,1033,3919
5387,1495,NA
5038,5809,5805
811,4829,4161
3709,2726,1076
4281,4512,5880
4669,808,3319
5034,427,NA
4337,2550,4161
480,2798,1873
2777,5148,4161
737,4452,3919
2305,4258,NA
2600,1182,2314
1326,743,2512
5826,5443,4986
848,4829,1214
4252,5809,285
397,2726,NA
4247,5784,1873
2481,5625,2197
2475,2076,3319
2160,4512,5531
2532,3237,4053
3952,1772,333
5051,1436,NA
4687,4632,719
5114,2635,3919
3581,1033,3285
1649,1942,4053
3895,1308,4074
1674,2076,4161
5165,1436,285
5127,154,719
1384,5506,NA
222,1772,4053
1145,427,4199
4700,1386,1467
701,5784,4807
1081,2936,NA
4398,4698,3919
1277,1495,2512
2974,5809,5099
729,743,434
2215,1182,194
2358,4512,4480
4297,743,4986
5323,1772,776
2563,2726,1467
2323,4512,3955
1008,1029,NA
342,5366,5099
3933,2550,5099
1313,4829,809
939,3237,124
2585,3949,NA
5879,4698,3919
2613,5443,1734
2541,1308,4074
4743,1410,4022
5889,2798,4161
3823,2459,809
983,1495,2937
1941,1386,4480
1559,5620,3919
4797,2487,NA
3097,1436,2407
5501,5625,194
2943,3016,NA
3524,808,5099
626,555,124
2939,2635,2761
5415,5148,NA
2992,1308,4503
1705,3437,2761
346,5835,4562
1174,3643,2761
1879,5376,1285
4846,2459,231
245,1033,124
5183,1182,892
5909,2830,3008
3504,5809,4807
2795,4512,1207
4903,427,1916
1371,3048,2205
641,1495,301
3534,5506,3522
1781,176,4113
3173,2304,809
3400,808,3387
295,2828,3008
1484,2487,3522
521,1436,NA
5276,5784,809
3714,2076,5099
4315,2734,NA
817,1395,285
1200,2798,1467
4793,1772,1306
2976,1274,4113
3418,743,NA
2026,3949,NA
5062,3768,4022
2668,4698,3919
5189,5113,1285
128,1280,4886
1393,3237,472
2253,4829,809
1549,4584,489
1872,424,1009
796,1386,4161
208,3672,NA
266,3949,1117
2556,4698,NA
2167,3810,892
1565,5376,892
723,3904,1059
26,2635,1306
3388,5679,NA
371,2550,3008
75,555,1916
676,2734,4503
1993,1436,NA
2242,157,434
2820,1395,4503
5874,1410,3999
2171,5809,NA
4841,2726,2895
5322,5366,2863
1082,2734,1461
2574,157,3020
1624,2798,3031
2869,1436,NA
4034,3722,4291
5362,2243,124
1757,465,3986
4132,1033,1916
3205,1386,3995
589,555,1916
2048,808,4291
2728,1077,2615
5917,2635,124
5668,5620,124
4126,2385,4557
1669,2076,3031
4844,1906,4291
2022,5809,NA
5070,3450,4291
3289,1308,4557
1253,5784,3008
219,743,3081
3393,427,1916
288,1495,4291
1778,4444,809
3122,1410,4557
4124,4512,3031
5426,5844,4291
5320,2828,4445
1880,176,809
767,1041,4054
4579,3643,2877
5741,4698,1916
2517,3768,3031
5072,1772,1306
2294,2459,3020
315,5027,4557
553,1205,716
4524,2816,2863
574,424,1151
1236,4829,1285
4695,5148,NA
997,1395,4557
5349,4353,4557
3925,2385,4557
621,3817,1729
938,808,2987
5890,994,3081
138,116,5562
5632,406,NA
1712,1682,1729
3549,1436,4557
1699,3643,4445
105,2828,5562
4041,5809,4557
1747,2550,434
4646,328,4054
3015,157,2468
3758,3437,4445
3279,427,NA
3412,1354,5336
2623,5820,3081
1776,5053,1976
3678,5366,5478
1922,2931,2963
3287,2726,430
3637,4512,1823
1828,424,1151
4283,1041,NA
3873,4587,1467
5268,4062,NA
4987,1772,1306
1718,1188,2987
2718,4940,1467
981,34,2877
4871,4173,NA
4296,1033,1109
1698,5844,2987
4980,1410,4557
4045,3275,5336
4021,1308,4557
4839,5700,3008
2352,2798,3008
1913,3836,5562
1528,3643,NA
4292,1772,1306
693,1386,5336
1855,2008,NA
5706,5525,3081
2189,2816,3999
2792,2459,3008
2733,2030,1729
3523,1410,368
2640,2858,368
1884,718,1207
4497,4523,4228
4704,4935,305
3245,4698,5854
1115,3768,1207
2883,2635,1306
4615,345,2987
2793,424,4228
1047,2243,1306
4006,4940,3081
982,5713,1109
1213,4512,434
5863,328,4054
254,3502,NA
4576,555,1916
5272,406,5336
806,808,3081
461,995,4054
827,4444,5336
5214,1395,4557
3956,2828,3799
3019,5784,4054
4356,2734,368
1311,1837,377
114,3870,2301
2232,3360,4642
4840,1244,5730
2193,4102,4642
3989,468,3020
3863,2858,4557
976,157,5854
635,1188,2468
3827,3192,3799
4931,1436,1306
3195,3502,1976
4780,NA,3145
2683,5809,1306
807,2211,3799
846,3643,3008
5887,4331,3306
4103,1033,2468
5671,2084,3999
139,808,4642
437,2550,3721
576,4404,1976
197,67,2615
4956,4587,3999
4856,2940,NA
2581,1308,1306
1136,1410,1306
3787,1772,2468
952,2051,368
3226,4829,1461
2286,1386,1823
5823,1077,2863
5843,3437,1461
5032,116,368
4175,3698,3963
3710,2635,2468
3223,5713,1109
590,2243,5756
4405,4062,5467
638,4093,3438
3786,5366,3008
835,4512,1823
1480,2798,3008
2582,2030,5756
5463,3275,5467
1741,4698,1109
3959,5143,1306
895,527,NA
679,3921,3799
2328,1346,1976
4968,2931,3799
1383,3735,NA
5171,4512,3594
2831,1308,5467
2764,1410,5467
4319,3192,3799
2681,5027,4054
919,1395,NA
5493,3870,NA
838,5366,4234
4828,1998,5336
2104,3121,1262
2593,2726,4386
4947,406,1461
5059,2211,3799
4892,441,1461
2484,1033,5854
1368,4698,2468
4620,3437,377
188,5713,3721
4432,431,2987
3977,1436,NA
1663,3643,NA
1713,2858,NA
1692,5647,899
4098,2459,3008
4507,4444,1461
3960,5784,5467
5007,2008,NA
818,1386,2145
1796,3921,3799
2430,345,5336
2136,3698,4054
5179,157,NA
2711,3768,3306
2257,3484,3008
5313,4280,1976
2163,2385,4234
4014,67,5633
2595,555,2468
3829,2659,NA
4666,431,3306
4964,4915,3963
4440,2243,2468
3059,1837,377
166,3646,377
2411,4549,NA
1971,3735,377
4733,5143,5467
5660,1395,4234
137,2030,2615
5867,3921,3799
3417,1188,NA
4644,1403,2987
4376,3121,NA
4756,2635,2468
3528,4062,5467
3796,4731,2301
58,3643,1461
1513,3437,3721
3573,3870,1461
962,2858,NA
1964,4587,NA
2390,4331,5633
1931,2940,2888
2424,3192,3799
4492,800,1461
3548,1386,3306
3290,1410,3963
4358,4208,1976
4527,406,1976
4117,2211,377
4697,2659,5374
2024,5809,NA
5398,4444,4386
3701,3735,5756
2157,5479,5756
3964,2726,NA
4429,3698,377
2162,5082,1466
549,2940,2145
3453,4512,386
4239,5472,3721
5861,1416,5756
319,3192,3721
5673,1410,3963
2776,3360,3306
4097,2555,716
4734,1395,NA
3867,5427,3306
4127,116,3963
2903,1244,1001
580,5647,4234
1116,2008,3576
4961,3921,NA
3005,416,5756
522,527,NA
5607,441,4386
3486,4915,377
4079,2734,4234
1650,1188,NA
5565,3870,NA
1755,4553,2888
3872,1998,377
4752,2635,2468
5029,3768,2301
4202,2553,3306
3631,5366,3594
5278,5143,3306
5553,3643,1466
3151,3912,899
4287,2816,4234
2492,3921,5756
873,5143,NA
2599,1395,NA
3683,777,3717
3238,4731,5736
1050,2726,NA
1831,3121,NA
1843,3380,NA
3177,2858,5467
5729,4862,1461
5181,3437,5756
4546,2413,NA
3966,2211,5756
200,4765,2615
4335,3484,1461
5126,1436,NA
2312,345,3594
3696,3033,NA
5232,116,NA
2786,1349,716
1426,1410,5467
3354,1403,4234
2511,743,4494
1701,4512,4234
1198,3646,899
2276,800,1461
2360,928,5756
3595,957,5756
974,1290,NA
618,4046,675
2507,928,3558
3927,4525,5756
2081,1416,716
2565,345,NA
2235,1357,1665
3973,1188,NA
2952,116,3717
1937,4093,3327
4928,1395,NA
5020,5143,899
1070,4915,876
204,1505,2972
2596,3643,1461
2759,2243,5756
794,2940,876
1388,2635,5756
5003,5479,716
5458,4553,876
673,3698,NA
4825,468,5633
768,4731,876
3641,3735,3558
4072,5725,3327
5234,441,3327
4836,527,NA
5433,2828,5756
1341,2211,3558
2280,5427,3327
1697,3870,NA
4927,2211,716
2019,2413,716
5610,3646,4487
3376,4915,5374
5022,1505,2214
269,2931,716
1811,1998,876
887,3437,3558
3791,2940,3717
2107,5265,NA
3604,928,5374
3047,3061,905
1447,1188,NA
3194,1308,NA
3277,3921,3558
2439,441,3327
4257,1837,NA
4343,800,5374
2991,5475,5374
2674,5082,3306
2049,345,2972
4972,1290,3348
5406,4765,NA
2598,1410,5374
528,4731,NA
4722,468,NA
4663,3033,NA
5483,3484,5374
1716,2413,867
4869,3061,867
4787,5475,905
2844,5265,899
350,5082,867
1180,800,899
4881,4331,5434
4498,4525,5756
3883,4062,1877
3920,1837,NA
3449,1998,899
5373,4915,899
1751,5678,NA
5723,4731,NA
1181,3698,899
4668,441,5159
1944,527,NA
2525,345,2214
1212,1173,NA
3108,2211,867
515,928,867
1176,441,2368
657,4062,4487
5760,3921,867
2293,1188,NA
2951,800,3594
4719,468,NA
1282,928,2368
2082,5082,867
916,4915,899
3618,5678,NA
917,2211,867
5292,1403,899
2661,5143,4487
3846,1173,937
5473,2940,NA
1774,3921,867
5502,5265,2368
532,5143,4487
2751,468,5434
1608,5678,4235
3565,4062,4487
1568,2079,2500
5695,441,2500
3876,3646,4345
3300,4915,2368
4970,2211,2368
3478,1998,NA
674,5265,NA
2964,4915,3769
3996,2413,3775
307,5678,NA
4267,1173,937
4168,4525,5434
2617,4765,NA
258,1837,3769
725,3646,4345
1770,3735,867
1969,441,5769
3670,2211,867
3885,1188,NA
1060,2553,3769
5548,3698,NA
5328,3061,867
5578,2940,3775
2357,2413,867
4421,2211,867
3621,3921,867
96,928,5434
5221,5678,4369
4625,4525,5434
5364,800,2368
5379,1837,NA
3157,4765,NA
53,3921,2057
5011,1290,2057
2379,1173,NA
803,4525,2057
3171,1290,NA
577,4765,NA
4411,4525,5864
4295,1173,NA
422,NA,574
3795,658,5540
1276,2533,2761
2566,5192,1467
1576,2533,4147
5095,3477,4199
1224,3202,5531
3362,4171,4161
3234,2533,5805
3266,2533,NA
2375,4171,3919
4156,914,3413
5133,2929,4151
4888,2929,3020
2263,1991,809
5699,4535,5099
2913,784,3413
5612,4782,4022
32,5192,3955
104,4535,1467
2717,4281,NA
4462,4274,4445
5414,4171,124
2605,3650,1916
4648,3428,5099
4073,5826,4434
1977,4669,2065
4586,4281,4161
5676,2929,4271
3602,4252,3008
2662,3709,3031
1479,2481,1935
3556,4337,2895
1457,1991,2895
4001,3202,3031
1853,5443,3013
4595,4337,809
2028,2777,1467
2710,4535,1467
5247,4782,3031
2802,4274,1916
831,3428,3031
3299,4743,809
4426,1991,NA
3377,1145,NA
4566,4331,4247
4083,3650,3020
1054,2929,1467
1532,4281,NA
648,811,4161
4483,3428,1285
199,4337,3799
1139,4252,3008
2859,1781,3721
5510,5226,1525
165,701,5562
557,5276,4054
2961,1371,2987
3891,2323,3013
5646,1991,3008
668,3192,5120
1169,3933,NA
4314,1674,300
854,2929,5336
147,3650,1306
2644,1145,5854
4310,4281,3013
4609,4935,1525
517,2992,2065
746,2850,5120
3745,2635,5120
4677,3709,2987
1165,4782,NA
4420,4535,3008
2371,1145,2215
730,4903,2877
4144,3933,2877
5304,5844,5183
2826,3400,3081
1947,3650,1916
1146,1705,NA
1738,5427,1525
2062,4743,4557
1609,1991,3008
861,701,2301
703,4252,368
4470,2563,1461
5428,3428,NA
1836,1674,434
4473,1200,NA
82,1559,2468
684,4763,2215
3078,2563,3625
1061,1781,1262
3944,2992,1877
2435,5874,434
5410,1705,3799
112,1371,3999
1560,4337,1525
1367,3709,480
2928,5276,4054
889,2323,2215
324,4252,368
704,4743,5756
5526,1145,NA
3567,3650,2468
2131,5427,2215
5751,4274,2468
25,3400,3438
1510,3836,5062
5567,4281,2987
5875,465,796
3793,2777,3008
5650,3722,2215
4070,2678,480
1622,3933,716
5787,429,480
1507,4045,1877
1344,4281,480
1675,1200,1461
5522,3202,NA
2133,2828,5183
2248,2242,377
3578,3393,NA
2713,75,2468
3139,4337,5467
3383,5070,3008
3427,3836,2974
5277,3650,2468
753,2734,3097
3075,5874,5467
4676,3428,386
1821,1559,2468
2404,5276,1976
3644,2816,2974
4039,4524,4386
3367,1705,3435
409,1781,NA
4312,4903,NA
1613,2728,NA
1617,116,2974
4714,5362,1976
3610,4535,3008
2765,4782,3963
2461,701,377
1404,468,2974
4858,2517,3008
3070,3019,1877
1243,345,480
5884,4903,4172
1043,4252,5467
5396,2323,1976
2966,1371,NA
766,371,480
3130,2992,1593
1487,4281,2145
3514,4093,3013
2835,1674,2301
2185,701,4954
5765,2563,278
1894,5070,3013
51,4337,3097
1018,1781,NA
106,5874,4234
4953,3650,2468
5170,4045,NA
3812,2931,1313
5547,3709,NA
2573,1145,NA
1965,4743,2468
1980,4524,4386
802,2816,480
3773,1236,2301
4897,3956,3799
3660,5276,1877
2148,4763,3013
5882,1718,NA
3844,2517,2301
2679,4743,2301
5938,75,5062
5925,2211,676
3196,1213,5062
4637,3245,2468
5846,4281,3594
5665,468,5062
5691,5070,1461
616,1837,5062
447,4782,5062
382,1705,5756
4489,NA,589
5282,1747,NA
4443,5362,2468
672,4862,641
2359,2728,NA
4273,3019,4234
1355,1200,1461
5356,3817,676
2138,2323,1877
2061,345,480
722,5272,796
4262,4274,2468
261,1371,NA
2977,5276,5467
2885,2992,4234
4641,1624,1461
4342,2242,5062
3764,2030,5062
5430,5874,4234
2361,3933,3963
1045,4615,5374
5811,2640,4234
2715,1145,NA
3984,5408,5062
1981,4062,2733
1319,2828,5062
5859,4175,5467
1687,4337,3097
4738,2728,NA
1049,1047,2468
5737,3650,5062
5145,4615,NA
4380,2563,3594
2530,4405,NA
2779,3827,5756
2879,2430,NA
4306,468,3435
562,1371,NA
4685,1705,1082
1563,5272,4234
1569,4956,3594
5936,5214,5467
2327,5265,3097
1616,1505,4844
1691,75,2468
4504,4915,693
5104,406,4021
4479,3956,2468
5840,1718,NA
2245,1213,4234
4438,5007,NA
1025,3019,5467
797,4252,867
2650,5276,4487
1678,701,4487
5705,4331,693
3342,3245,5062
4139,2931,3097
3551,4743,4487
1735,835,2972
607,4782,NA
2537,3226,1461
2915,4535,3306
1997,334,3097
4268,2242,3717
3950,2563,5159
4717,3650,5756
5708,4281,NA
1564,1173,3097
5401,2104,NA
1185,976,3348
1021,416,676
5094,4138,4576
3271,1200,NA
2315,1236,876
3079,5671,2972
1731,5874,NA
3403,3380,3097
2156,5823,NA
671,2728,NA
3185,4782,NA
453,818,1082
4542,5171,937
1660,431,4041
4205,2286,5756
2994,1674,807
5327,4892,3327
4560,1718,NA
2287,1705,905
2660,4615,NA
4681,4584,4041
3577,1213,4386
49,4903,NA
3506,4743,3306
5541,3933,4386
4486,1371,5374
2073,1624,4386
2266,679,3717
3761,5070,3327
4922,2257,4041
2614,1747,675
881,5874,3717
352,166,2733
3346,5398,NA
3497,3735,676
1156,4252,2733
184,2242,5374
760,835,2972
3088,2286,5633
3742,818,NA
5251,75,5756
583,4281,3594
3407,1213,3097
1911,5276,638
5067,4968,5374
4131,4743,4487
5594,3956,5756
3802,5214,NA
2196,3650,693
1645,2104,1665
235,4666,5374
172,4405,461
573,1047,676
5101,4892,3594
5799,4615,5159
5645,5070,5159
787,3226,3327
1441,4274,5756
3224,334,4041
3566,2517,3327
2551,5272,876
512,2553,3097
4541,4337,5374
3385,701,3097
3554,3019,1877
5191,957,461
4613,3827,716
5640,5143,3015
4651,5362,2468
2845,5823,NA
484,4644,3097
2246,3245,NA
810,2595,NA
3603,3933,2972
5559,2517,2972
3191,4892,5159
2891,468,4576
2066,4644,2972
3027,1513,NA
4821,5276,2733
5891,116,4041
4774,5671,5159
694,3735,4021
2045,1349,4021
3434,4335,3306
1614,5398,NA
291,5874,1877
2456,3177,3205
1170,1624,899
3813,4743,4895
498,2858,2733
3359,1308,2733
5750,3650,4576
3852,1747,2214
4867,5479,4021
1445,2243,693
3278,1290,807
4634,701,3205
597,4666,899
1899,4337,2972
5294,3019,2972
1010,3921,4021
2569,976,5756
2250,5272,899
3559,5362,2468
900,5143,3289
2893,1371,2214
3704,5070,2214
927,1705,4021
3401,1200,899
926,2640,2733
2898,5673,2733
4033,3956,2468
931,4127,2972
5345,4281,2368
195,2286,937
1492,4432,2972
4245,1213,3097
4110,1674,NA
4868,2242,867
404,2257,899
4348,3226,3594
1007,3867,3594
4007,2517,3594
1499,3966,867
1544,679,4021
273,1674,899
356,5272,899
3877,3735,4021
4577,4337,2792
2960,2563,5109
1521,4892,1593
3411,166,2792
2722,2553,4041
4407,5398,NA
244,1198,3289
3503,2492,899
4278,4644,2368
5649,4731,3205
4740,3061,4021
5529,2257,3594
2855,75,NA
4971,3019,2733
1148,4127,NA
4355,2323,4345
2899,2640,2733
2179,5276,4345
2813,5671,5109
4468,5673,4345
1589,5874,899
1497,4968,676
4563,818,937
4939,1047,NA
5914,5553,2368
3415,3956,5756
2344,4405,NA
4203,4666,2368
85,1213,5942
4985,2286,3775
5477,200,1741
1555,2759,905
1630,5276,3960
1654,4765,1741
5802,1705,867
1161,2517,2792
3355,3177,4487
3908,5610,4487
3462,5362,905
3987,3867,NA
4133,4405,1692
702,5272,2368
4688,1047,5434
4962,5673,3683
4816,2640,4345
5749,3698,3289
2696,2492,867
4991,818,NA
1370,3226,937
442,928,4021
1400,5003,2368
5703,2280,2500
1128,4892,2500
2944,1624,3775
4910,3019,4345
5198,1290,1741
2063,2413,4041
4838,3956,4875
1648,2595,3205
4042,800,3205
3405,1198,NA
5249,1513,3960
365,4337,3205
4658,5671,2500
2307,3735,4021
2436,5874,4345
1122,3867,NA
643,5143,3683
1203,4014,NA
2959,4432,3097
3163,5823,NA
5666,1047,197
2198,5003,4021
4207,4405,3306
1304,3354,3769
2013,976,4895
3461,4968,2702
2669,5874,2702
3788,75,2903
5173,3019,4780
4371,2640,693
3661,3604,5278
3409,3528,2702
74,2286,937
5894,3226,4429
462,928,4021
4753,4666,4429
2129,200,NA
3521,5272,2368
373,5553,867
2829,5082,3097
5209,2257,2368
2170,1198,4780
5403,166,4345
1817,3933,2368
470,679,2368
2384,2595,1741
815,5276,2702
4890,3966,867
2355,2492,4021
3261,2280,3648
2132,5020,2702
309,3956,1741
3857,1290,58
5142,1718,NA
3003,4644,3769
2275,4731,4825
4447,3177,4780
1222,2286,1937
15,2759,1811
1352,3956,5434
2041,3966,867
1230,1290,197
850,166,4345
29,5553,867
2647,3604,3769
5466,4915,3683
4058,3019,2368
3820,5610,4345
3186,4014,NA
2380,5823,NA
242,2280,3658
529,5673,4345
2465,1513,5861
5707,1624,5278
1799,269,2368
1973,1198,NA
5581,5874,2368
4399,2595,197
1724,3791,1937
3666,3177,4345
596,2517,1937
4154,1341,NA
5187,4644,2368
5350,4335,1937
1206,3867,NA
3774,976,1741
614,3019,4345
5821,2280,3658
3693,5272,3769
4334,5823,5864
1068,3354,1937
4564,4405,NA
3180,800,1937
4812,4666,1937
4450,5003,5483
2142,2661,1181
4437,1718,5864
4724,5673,1037
5411,679,5278
2932,2951,NA
230,4525,1811
1940,200,NA
1307,5020,3373
4226,4405,NA
3881,1837,197
175,3618,NA
5661,2951,1937
90,1047,2057
1119,3300,3373
4275,1282,NA
1644,532,NA
2464,4014,NA
1626,5553,5278
1994,2286,2057
4554,3449,1937
459,5874,1180
1975,200,NA
3600,3177,3683
3197,166,NA
2319,3791,1937
2880,3019,3683
2425,5673,1037
4949,800,1937
888,269,1937
5354,3177,3683
3651,2082,1937
3719,800,1937
2982,258,1937
5524,5328,1180
2965,5553,5278
2003,1837,5278
3142,4644,1937
5822,2492,4825
2405,4666,1937
2161,1282,5864
5554,4335,NA
1677,3604,5278
279,307,NA
4800,1718,NA
3688,3019,3683
769,2759,NA
2791,1774,5278
387,2595,1937
1079,4915,1937
1124,3354,1937
3926,5003,1937
1376,2964,1937
2852,258,5864
4227,3354,3683
1768,3300,NA
5923,200,NA
218,4915,1937
779,5328,2235
5266,2617,NA
2458,4014,NA
3309,1282,NA
1863,4644,1937
4779,2964,1937
1031,2595,5864
2701,4335,1937
1834,3791,NA
5601,800,1937
4529,3177,3683
4457,NA,704
5352,2566,231
2216,5133,809
1546,4648,3799
4063,4888,3008
4788,4586,3986
4823,5133,NA
3923,4648,3008
3593,3299,5562
5188,4001,2393
69,5676,NA
1443,4888,3008
5153,104,2145
5721,3377,NA
5358,4586,4386
4951,5676,796
3712,4310,2987
1431,557,461
5252,3299,3963
2905,2802,2468
2087,854,NA
3770,5133,NA
1040,3891,NA
940,5676,NA
78,4888,1461
4164,104,2301
4514,5133,NA
2442,2028,730
3638,4648,NA
1791,3299,1313
2011,4586,NA
2490,4595,480
2169,199,3097
5035,5809,5510
2125,4310,NA
1744,3202,2662
5717,104,NA
446,1308,2662
282,4677,4386
2527,3299,3963
5063,557,2662
1928,3377,NA
482,4586,480
5656,854,4172
3814,4888,3327
1850,4595,2972
2007,5362,1609
5814,1510,3306
3725,341,5751
1631,684,3327
2249,199,3327
3690,703,3963
2949,4310,1877
240,2640,2662
1567,1560,3306
973,3891,NA
1739,2008,730
1491,2802,2468
5080,5874,2662
2740,2028,3306
5606,4677,4494
5907,854,876
1573,2131,4386
1450,1617,3717
747,2992,2662
3267,3567,5756
4506,1349,3795
852,2802,NA
338,3019,2662
731,2133,3717
2119,5170,NA
2409,4586,NA
1986,NA,5751
5230,5276,2662
3488,4676,3078
4163,684,3327
1058,2858,2662
571,1507,2972
2785,4310,NA
5405,2323,5510
2387,703,1827
3361,3660,5159
4995,4310,5510
4832,199,2972
3508,1043,899
5774,3070,NA
5785,1965,4487
100,684,2478
4088,2028,2972
5233,802,3205
473,1622,2972
2642,557,2972
1143,2765,5756
3375,5171,3514
4186,5678,3795
2896,1981,1082
2749,4062,2662
4764,3867,5510
992,2131,2972
1098,1243,5159
1223,1510,693
706,5691,5510
44,4888,3078
5435,1560,NA
4530,3891,NA
3582,104,937
3322,2133,5756
2619,3567,NA
1740,1077,3795
3907,4586,5159
4824,199,937
102,2931,3795
741,3426,704
1435,2133,4576
4095,4586,NA
1888,1507,NA
1062,1243,NA
5686,2765,899
5605,684,2214
354,4310,1462
2958,2977,3097
5754,4443,5756
1612,2802,NA
2445,4486,NA
4905,1617,3795
1743,1965,2972
3530,3891,766
3201,3070,1877
1342,3660,3097
5622,2131,3594
5793,557,889
853,3567,676
2264,382,NA
830,703,2733
4605,382,2368
569,5214,3139
2423,835,889
121,1243,5159
4316,2185,NA
2149,4139,NA
3642,1510,867
2491,3660,NA
3018,1617,867
4520,453,937
5024,2977,4345
4385,2131,2214
4571,4586,1593
975,5691,1593
3931,1678,3097
5218,4641,2214
2529,1560,899
829,1622,2214
4373,4138,3139
2010,4306,324
3728,3354,1061
4286,2802,324
5335,2133,324
3782,1965,2733
4424,1043,3769
339,5265,2371
774,199,1061
486,1213,1061
2303,4014,2371
1905,3506,NA
366,684,2500
2945,1622,937
4238,2287,2368
3611,1965,4345
2093,199,937
708,4586,NA
4661,3567,693
2894,3660,889
5815,3742,NA
4912,3407,5222
1220,4306,4875
5261,3506,NA
481,352,58
5061,4641,NA
1291,976,3764
5674,3528,5936
2224,2802,5434
4817,4335,889
3124,4205,NA
1014,1617,5278
3431,557,NA
3483,5691,937
1433,4644,889
1194,1507,2702
4926,2133,5434
4050,1560,2792
3096,3554,3960
1087,4731,889
80,2713,2368
2311,4443,905
5203,4139,2368
3808,2779,867
4458,1510,867
1257,2779,867
2221,5362,2679
3888,684,5769
5334,881,3594
3875,2133,676
1519,887,5936
545,4306,58
2688,4586,5769
3911,3407,1392
4472,1560,2368
1927,5673,3764
4662,352,2702
5570,4443,5434
1764,1200,889
1529,3554,2702
1789,4541,3775
4575,583,5769
1338,4641,937
4121,2802,1692
4604,1156,899
2778,3567,676
894,573,4576
5469,5691,2363
3771,1617,867
1780,453,NA
5338,1043,NA
3563,3921,324
1866,3434,889
3622,2977,3769
2043,512,NA
2941,2765,4429
2757,382,3097
1023,2266,4479
4610,2131,2368
563,4651,5434
4096,3660,3594
3270,3278,58
593,1965,4345
1782,1507,2363
1154,800,889
2671,1678,3648
3707,787,4825
3667,4139,2368
1163,1510,867
920,2713,NA
4451,1441,NA
772,4205,NA
4533,484,2368
5416,3742,5942
3541,4348,2368
370,1965,4345
4395,2287,5278
5692,1043,NA
3452,5691,4489
5300,441,4489
2219,1678,NA
5273,4205,NA
4008,2898,3683
5937,1441,197
2676,3867,4489
4674,2977,2368
4959,453,2138
1225,3567,4576
36,4971,4345
1676,4131,172
606,3559,1741
3156,787,3769
2933,5649,NA
3350,4033,1741
4003,4139,1937
5220,2066,1937
3509,1510,867
1414,5020,3764
4589,684,4489
4167,3554,3683
4896,4306,4576
3760,3883,1025
4087,5191,1937
1166,4335,5251
227,4586,4489
2606,2765,2368
3133,2133,NA
3953,1678,3769
4067,2066,1937
630,5529,NA
639,4644,889
685,573,2057
5916,3567,NA
3736,4991,3079
1898,2266,4774
3630,3791,889
4183,1156,NA
3459,1499,1937
1454,2131,1937
886,2898,3683
5773,3278,NA
5357,1047,5094
1365,4139,1937
5054,2133,1741
5075,3554,1037
3072,453,172
4758,4205,NA
4323,1560,1937
1732,5691,NA
798,484,1937
3282,4910,NA
765,1170,NA
3423,352,4345
3269,4971,3683
4534,4348,889
1552,2595,5094
4963,4586,NA
5107,2779,1937
4052,2257,889
407,4651,1741
3384,2082,5251
2015,5649,889
4449,4443,2057
1901,1965,5861
87,1507,3658
2164,2977,1304
299,4541,1937
567,2898,1937
4593,3554,3683
40,1510,5278
5536,5529,NA
3347,4586,3079
5719,4348,3934
2988,3061,3462
3748,4971,1181
1350,442,197
3609,4139,1937
1595,2944,3683
3778,1965,3683
471,352,1181
5778,1678,3683
5079,2066,3769
3570,3660,NA
1683,3567,2057
5629,4641,1937
88,1499,1811
3071,3278,2057
5380,4042,NA
4996,2179,5861
2218,684,618
2730,4278,2024
1936,4306,2057
276,1370,NA
1113,5191,1937
843,4910,5861
3216,484,1937
3335,4740,1937
2947,1678,1037
904,1222,1180
384,1400,1937
2720,4910,1037
542,3567,2057
5421,2131,3079
3043,3278,4479
1092,3820,NA
2252,4651,2057
3726,382,1937
5728,5649,NA
2577,4971,NA
664,166,2456
2842,3061,5251
98,1441,NA
2583,2713,NA
1689,5529,NA
4692,5691,1137
5041,3434,1937
1501,2266,4890
1849,512,1937
707,573,NA
5450,2898,NA
312,1499,1937
4237,4042,NA
2853,5802,1180
3835,2066,1937
2768,4740,5278
4913,4443,2057
1666,1560,1937
3753,4207,NA
2122,2133,5864
5738,5249,1180
3807,1965,1937
1175,1170,NA
3128,4348,1137
4773,352,3683
4229,4306,5251
3144,1513,5251
584,3554,NA
5091,532,2456
4992,850,NA
3264,4203,1937
924,4139,1937
3065,1510,5278
2261,1068,NA
3317,3559,NA
3822,352,3683
246,4033,2057
3671,4306,2857
5796,4348,1137
247,484,1937
3627,3820,1217
20,1678,1037
3662,4910,5695
1157,5649,NA
2686,4971,NA
2324,573,2057
1623,3554,NA
2414,5666,2057
445,5191,1937
1090,3434,NA
5687,2977,1037
467,5529,NA
5672,5691,1937
3601,614,1037
466,3567,4962
923,2066,NA
691,1352,5864
1162,2898,NA
4819,4278,NA
5818,1441,2057
4375,2266,4890
2703,4740,2235
2624,2216,NA
4396,2216,NA
3069,4823,3576
3731,3923,3097
440,1443,4386
4349,5153,5374
3597,2087,2478
3687,2087,5159
785,2430,3770
3737,5153,5159
3045,1431,3327
1231,3923,NA
5798,1443,4494
5577,78,4494
2889,3923,2972
1685,446,3097
5149,5153,937
1086,5725,3770
4508,2169,5222
1118,446,1692
5442,1837,5358
1578,2409,NA
4241,5153,3205
4284,1431,3205
678,2242,5358
1515,3923,NA
5353,1443,2500
506,1491,1061
750,992,482
5090,3923,NA
2417,446,3960
5348,4832,3205
5177,1450,NA
3542,5153,3769
1570,4530,NA
4907,2007,905
2230,2642,NA
3181,1443,NA
742,1443,NA
5452,2642,1665
1861,3361,NA
317,1450,867
4307,3508,NA
3000,1431,889
5876,4832,5769
314,818,482
3410,4095,4489
5119,5153,4780
3692,4530,NA
2708,2958,2368
5293,557,482
1302,992,NA
1063,5785,NA
2704,706,4489
5009,2007,197
4043,3322,4895
4865,446,NA
1472,3322,693
264,4731,482
539,853,5278
5755,3660,482
1990,706,3658
313,1173,482
1700,1622,482
1917,2642,5936
5309,4641,482
4716,1740,4369
2068,4095,5063
265,3931,NA
4141,3782,4345
1586,5153,4345
5052,4385,482
5658,4541,482
1039,1443,NA
1978,5373,571
1325,1450,867
1248,3361,482
2714,446,4345
4792,5529,482
4321,1170,482
1013,5622,1937
150,2423,3725
5340,3604,3725
5071,4095,3658
880,5024,3769
1758,3642,3725
5627,2958,3373
4960,1617,3725
4776,2492,3725
2217,3434,482
1726,5153,2500
1440,4832,3658
207,1443,1986
5312,382,3725
3832,708,NA
4246,557,3725
5696,2007,2057
2622,4385,3658
2770,2211,3725
998,4520,172
3329,1450,3725
4785,5785,1937
930,5691,482
666,4832,NA
4727,1718,5754
631,3361,3079
2472,446,5793
1245,1740,NA
5634,2945,NA
5896,3782,889
1002,3888,NA
3948,2688,1937
1377,2131,5233
5242,4605,1937
1829,5153,5861
1846,4424,NA
1074,4095,3934
2546,484,482
1516,3452,3079
541,4605,3907
3357,2945,3483
4522,2423,NA
2766,4586,4457
270,3660,482
579,5570,5864
46,227,NA
1979,1866,NA
5841,1617,4373
110,2977,4373
2144,5153,1037
1806,4641,482
3801,4095,3079
435,3642,1937
5797,5024,4373
4803,2311,1937
1725,5785,NA
2306,2944,482
4510,4385,1137
1052,3322,5864
3353,4424,NA
3592,1789,NA
4027,3361,482
4329,1450,1180
5489,4096,NA
3200,708,4563
4747,853,2057
2031,4541,482
2209,2688,NA
3004,446,NA
3845,1291,1741
3155,3611,1937
4140,2007,2057
2195,679,4373
625,3361,79
3940,2945,422
4735,3541,NA
968,3452,79
2687,5785,NA
1415,446,5251
531,4651,4186
140,5075,NA
1826,1901,4373
455,1170,482
2415,382,4373
560,1724,4373
5613,4385,1137
1753,442,4373
4080,5553,741
4930,2944,482
2655,2688,NA
3943,269,4373
3470,1866,NA
2914,4095,3769
55,3642,4373
955,1047,4186
1046,5003,4373
622,3611,3683
1064,3423,1217
4790,3003,4373
1681,4541,482
4302,4641,482
3569,4534,482
3117,3604,4373
5872,798,1937
5315,3660,482
1883,4323,1937
2397,1291,4962
1409,4605,5695
4675,4093,440
4588,2028,440
3398,3731,NA
1533,3731,3769
977,3045,3658
213,1685,NA
1288,3731,3775
5768,1118,NA
1523,5442,2057
212,4241,1937
5321,3542,1937
996,1248,1137
1690,5442,5278
1275,4241,3683
4180,2068,482
3204,5009,2057
4809,4865,NA
4981,5442,2235
5163,4865,NA
3901,3000,1037
5598,1472,5864
3095,4785,NA
5897,5658,NA
363,2622,482
2381,1248,1137
5286,1700,482
5837,4241,1037
1835,977,1181